station_id,timestamp,session_id,voltage,current,power_kw,temperature_c,duration_sec,energy_kwh,error_code,message_clean,proxy_fault_error,anomaly_score,is_anomaly,power_residual,power_ratio_safe,energy_power_gap
STATION_0,2024-01-20 06:12:38,c5227af1f84e,228.94,37.48,-8.522,43.13,3,0.0071,0,OK,0,0.7105690613062173,1,-17.1026712,-0.9931622839525325,17.031788254095083
STATION_2,2024-12-19 07:17:23,ec2cb9031b89,225.98,30.8,-6.98,48.52,59,0.1144,0,OK,0,0.708060749489928,1,-13.940184,-1.0028469070865214,13.959913090048742
STATION_15,2024-07-20 06:34:45,052575b0a823,228.87,31.7,-7.193,42.88,33,0.0659,0,OK,0,0.7080374518795688,1,-14.448179,-0.9914295716991169,14.38130673017489
STATION_17,2024-05-16 17:59:53,3c4532d5489a,241.14,27.54,-6.583,52.99,1,0.0018,0,OK,0,0.705846216638656,1,-13.223995599999999,-0.991266883045837,13.039755679553608
STATION_19,2024-04-13 06:42:08,d4ed04462066,239.17,30.72,-7.384,45.14,7,0.0144,0,OK,0,0.7055271744201348,1,-14.7313024,-1.0049945671224085,14.78590759038209
STATION_18,2024-03-04 18:04:42,7b38b26998a4,230.21,23.09,-5.455,40.8,48,0.0727,0,OK,0,0.7054920886189755,1,-10.7705489,-1.026234369467588,10.907091093168013
STATION_5,2024-01-05 09:02:07,013da35eec9a,230.65,31.15,-7.212,47.99,55,0.1102,0,OK,0,0.7031051941105498,1,-14.3967475,-1.0037929650564665,14.42461881040514
STATION_10,2024-03-15 12:35:36,7311d6af88cc,226.61,38.78,-8.73,34.68,48,0.1164,0,OK,0,0.7019846134858408,1,-17.517935800000004,-0.9934072352454788,17.459345299102566
STATION_11,2024-05-24 15:38:31,d84932f28aeb,232.62,27.79,-6.378,47.16,56,0.0992,0,OK,0,0.7015558800631215,1,-12.8425098,-0.9866175797865477,12.754732924312009
STATION_10,2024-10-20 03:17:38,3d74e2891f93,222.36,33.17,-7.373,34.92,14,0.0287,0,OK,0,0.7006427835149055,1,-14.7486812,-0.999636345503064,14.75110277357251
STATION_1,2024-02-23 18:56:11,e74f23023f2f,228.74,32.0,-7.321,44.33,19,0.0386,0,OK,0,0.7004675196936864,1,-14.64068,-1.0001801991097699,14.633298722347345
STATION_2,2024-04-14 12:33:30,13129d3226c9,232.69,38.06,-8.878,48.33,3,0.0074,0,OK,0,0.6989574227980127,1,-17.7341814,-1.0024635445629486,17.74735677187375
STATION_17,2024-04-27 20:10:49,e8fe6ddeb940,235.85,29.09,-6.826,51.0,46,0.0872,0,OK,0,0.6986215507556351,1,-13.6868765,-0.994916466589004,13.649813788486117
STATION_5,2024-03-09 06:14:00,18572cecea18,228.69,35.44,-8.137,47.04,18,0.0407,0,OK,0,0.6981736348040091,1,-16.241773600000002,-1.003976100704886,16.275372325534892
STATION_9,2024-01-28 11:36:18,a6f2b1f5f00d,221.58,30.32,-6.754,40.21,51,0.0957,0,OK,0,0.6981387495499043,1,-13.4723056,-1.0053128566653982,13.508817307013622
STATION_3,2024-08-27 10:31:25,64eb5b0925de,226.82,28.8,-6.557,51.07,47,0.0856,0,OK,0,0.6978665465701922,1,-13.089416,-1.0037632318941059,13.113093575811215
STATION_10,2024-05-27 17:05:04,3d4903266342,216.66,32.68,-6.855,34.35,50,0.0952,0,OK,0,0.6972791912551046,1,-13.9354488,-0.9681588308132628,13.708906518730654
STATION_5,2024-09-21 13:53:41,b9c3db88971a,234.87,31.68,-7.428,46.11,55,0.1135,0,OK,0,0.6971683596948618,1,-14.868681599999999,-0.9982955058451224,14.856604673148667
STATION_0,2024-12-26 17:15:34,8049c9cd6ebc,228.79,33.02,-7.529,45.85,5,0.0105,0,OK,0,0.6969441116043832,1,-15.0836458,-0.9966051622691348,15.083560716284275
STATION_2,2024-11-05 20:02:27,1d6645066898,239.08,32.45,-7.767,48.34,43,0.0928,0,OK,0,0.696235356548952,1,-15.525146000000001,-1.0011411230026963,15.53565192681543
STATION_0,2024-11-19 04:49:10,b861e417e365,233.09,31.04,-7.288,44.45,22,0.0445,0,OK,0,0.6960599790763894,1,-14.5231136,-1.007309545587571,14.56862680652257
STATION_2,2024-09-25 13:22:33,a5ce5157d25c,235.68,35.44,-8.343,52.73,51,0.1182,0,OK,0,0.6953419275972984,1,-16.6954992,-0.9988625920655471,16.685940498317766
STATION_6,2024-01-07 22:33:11,d695b9f6dd9b,242.31,23.77,-5.749,40.54,1,0.0016,0,OK,0,0.6942420285366767,1,-11.5087087,-0.9981405833700263,11.488338381825429
STATION_12,2024-02-11 12:09:58,434d61136bd4,225.24,33.28,-7.399,44.43,7,0.0144,0,OK,0,0.6938100631611549,1,-14.8949872,-0.9870613190132823,14.800907590382089
STATION_9,2024-11-14 03:27:53,7e5460961f8d,220.18,35.46,-7.808,40.95,56,0.1215,0,OK,0,0.6936137427184479,1,-15.6155828,-1.0000533071447788,15.618212200644244
STATION_12,2024-09-07 08:35:41,bdc978630f68,224.22,30.61,-6.91,46.97,1,0.0019,0,OK,0,0.6934946286312799,1,-13.7733742,-1.0067932757049332,13.725464328417697
STATION_12,2024-02-07 00:59:37,b7210fe88be2,229.17,29.35,-6.652,44.24,57,0.1053,0,OK,0,0.6932339036513318,1,-13.3781395,-0.9889772596929843,13.302106309075215
STATION_12,2024-11-08 13:01:06,c34c8e4dd585,226.56,32.22,-7.327,44.2,7,0.0142,0,OK,0,0.6931302673474959,1,-14.6267632,-1.0037310520249407,14.626103318293449
STATION_4,2024-04-06 21:45:37,dfb32b48a4d2,225.5,29.86,-6.87,47.99,12,0.0229,0,OK,0,0.6928976815380687,1,-13.60343,-1.020282230559725,13.737939618114565
STATION_1,2024-06-23 18:36:11,2613a0f43a0f,229.16,35.17,-8.113,45.56,40,0.0901,0,OK,0,0.6921711929406842,1,-16.1725572,-1.0066308597411704,16.22127025567699
STATION_4,2024-06-15 14:15:35,1a0ab1b77b98,217.1,31.27,-6.644,54.04,60,0.1107,0,OK,0,0.6919766749982469,1,-13.432717,-0.97868257305724,13.285601503909765
STATION_8,2024-06-10 08:25:25,75401d856500,225.38,28.88,-6.525,34.21,39,0.0707,0,OK,0,0.6918972442458373,1,-13.033974400000002,-1.0024619235770962,13.050551487554994
STATION_12,2024-10-19 04:54:53,b7ae205f4d09,225.99,35.59,-8.148,47.17,1,0.0023,0,OK,0,0.6916704661163725,1,-16.1909841,-1.0130567070178955,16.39829892387405
STATION_10,2024-06-25 12:36:26,cb858268dfa5,224.69,30.69,-6.903,34.16,58,0.1112,0,OK,0,0.6914346355854644,1,-13.7987361,-1.0010532449098153,13.804640587825581
STATION_17,2024-04-30 20:16:44,4f83a0a0d04f,231.69,32.28,-7.483,53.56,7,0.0146,0,OK,0,0.69069719605188,1,-14.9619532,-1.0005409579858102,14.987711862470729
STATION_4,2024-06-15 14:14:05,1a0ab1b77b98,219.86,30.58,-6.616,50.58,1,0.0018,0,OK,0,0.690590703876216,1,-13.339318800000001,-0.9840376773391025,13.072755679553605
STATION_9,2024-11-12 12:22:30,febc9b1ebcb6,217.88,32.14,-6.979,36.52,4,0.0078,0,OK,0,0.6902489286849074,1,-13.9816632,-0.996620686166845,13.992687681087022
STATION_4,2024-06-15 14:16:47,1a0ab1b77b98,224.27,32.87,-7.349,50.49,27,0.0551,0,OK,0,0.6900934805182717,1,-14.7207549,-0.9969130963764007,14.694687241701107
STATION_15,2024-10-20 19:33:41,29b8551c6d3a,224.41,30.61,-6.923,35.38,58,0.1115,0,OK,0,0.6898544857083118,1,-13.7921901,-1.0078333677454394,13.843260121785544
STATION_6,2024-11-24 03:53:22,cf8a5cf25834,252.96,24.27,-6.168,44.13,1,0.0017,0,OK,0,0.6896399351503617,1,-12.307339200000001,-1.0046682215134453,12.266047030689517
STATION_14,2024-03-30 12:54:39,4fc681f18595,230.9,33.29,-7.663,50.8,4,0.0085,0,OK,0,0.6894120977236069,1,-15.349661000000001,-0.9969216806983318,15.306121190928167
STATION_14,2024-04-28 06:09:32,724e18b9b5ba,233.84,34.64,-8.15,49.85,57,0.129,0,OK,0,0.6892935421751263,1,-16.2502176,-1.0061456859942028,16.296853882912657
STATION_2,2024-04-28 02:01:13,7ca3ac1e7be8,231.92,34.37,-7.925,50.77,55,0.1211,0,OK,0,0.6892346800330027,1,-15.896090399999999,-0.9942176801535609,15.85102666007316
STATION_14,2024-06-10 23:23:49,4de5e2552a03,224.33,36.63,-8.284,50.64,2,0.0046,0,OK,0,0.6891791036920517,1,-16.501207900000004,-1.0081281978848073,16.549122778997805
STATION_5,2024-06-18 04:53:34,744bcc954fc4,229.46,36.6,-8.391,45.2,59,0.1375,0,OK,0,0.6890023787247154,1,-16.789236000000002,-0.9991382715205585,16.780318617847044
STATION_5,2024-10-05 05:44:01,9074afb256a3,227.21,33.75,-7.655,52.37,3,0.0064,0,OK,0,0.6887776639229688,1,-15.323337500000001,-0.9982605749602732,15.325795045944865
STATION_1,2024-09-29 05:54:44,1299b39af793,227.39,35.71,-8.115,45.95,30,0.0676,0,OK,0,0.6882726817642836,1,-16.235096900000002,-0.9993721873722731,16.226026676798785
STATION_1,2024-01-04 02:04:44,2383a55accc7,231.27,35.22,-8.089,44.66,21,0.0472,0,OK,0,0.6877762507015148,1,-16.2343294,-0.9930843320978116,16.17904170713592
STATION_17,2024-06-01 16:14:41,adf63d36a917,231.19,29.37,-6.713,51.22,48,0.0895,0,OK,0,0.6877625056186079,1,-13.5030503,-0.9886523243204363,13.424996600254982
STATION_6,2024-08-18 21:29:44,47f44611fd18,246.34,31.44,-7.804,41.66,12,0.026,0,OK,0,0.687513344199621,1,-15.548929600000001,-1.0076268469080922,15.601660701789463
STATION_7,2024-02-19 12:41:40,a918a9cee9ec,225.04,33.36,-7.508,47.37,56,0.1168,0,OK,0,0.6872546501378923,1,-15.0153344,-1.000088526749451,15.016088765722206
STATION_16,2024-08-24 11:56:19,d16f50903cd3,237.24,31.6,-7.522,41.35,55,0.1149,0,OK,0,0.68696989877868,1,-15.018784,-1.003363441795383,15.042235039161074
STATION_12,2024-01-17 11:31:56,b6b1f08ca676,219.05,33.74,-7.286,48.05,57,0.1154,0,OK,0,0.6868990635755067,1,-14.676747,-0.9858271449655702,14.573960760373028
STATION_16,2024-08-18 01:33:37,207ea40ea89a,236.32,33.89,-8.014,41.77,6,0.0134,0,OK,0,0.6866993986280996,1,-16.0228848,-1.0006385657290806,16.0491788926644
STATION_7,2024-10-20 08:29:10,67a64b40924e,231.85,35.39,-8.261,49.53,4,0.0092,0,OK,0,0.6866806417663808,1,-16.4661715,-1.006803939831856,16.533554700769308
STATION_19,2024-07-09 07:43:48,5b990179c50a,241.6,32.94,-8.055,48.83,41,0.0917,0,OK,0,0.6864983551441008,1,-16.013303999999998,-1.0121502003253207,16.10600039996488
STATION_4,2024-09-08 06:34:23,90e94518b5a6,216.43,33.0,-7.125,54.39,57,0.1128,0,OK,0,0.686432840664787,1,-14.26719,-0.9975930355264931,14.248760604593393
STATION_5,2024-10-27 00:41:51,494719a26354,225.07,35.01,-7.834,45.82,52,0.1132,0,OK,0,0.6857220818326203,1,-15.713700699999999,-0.9942000723199966,15.670380558269043
STATION_2,2024-05-08 00:54:52,73918bfe3f62,230.92,34.38,-8.066,49.97,27,0.0605,0,OK,0,0.6856216821576506,1,-16.0050296,-1.0159930609160268,16.1315912544994
STATION_14,2024-03-10 21:33:31,0a0edc6c0009,227.45,36.91,-8.395,46.11,46,0.1073,0,OK,0,0.6855231124474338,1,-16.790179499999997,-0.9999784995688898,16.79173416863028
STATION_2,2024-12-21 06:21:41,b6c02d4a74a3,230.47,33.38,-7.628,49.89,41,0.0869,0,OK,0,0.6854734420892161,1,-15.321088600000001,-0.9915392120221762,15.257573988625388
STATION_2,2024-11-10 23:23:25,32e0f1801f60,232.55,36.52,-8.512,47.79,30,0.0709,0,OK,0,0.6853009295984619,1,-17.004726,-1.0022693535303795,17.0189791625005
STATION_3,2024-05-19 12:13:56,1874059d8c1d,226.66,32.45,-7.449,53.4,54,0.1117,0,OK,0,0.6849528476037662,1,-14.804117,-1.012764173192055,14.895170255316312
STATION_3,2024-03-30 00:53:44,411eeed1b185,221.97,33.7,-7.315,52.58,60,0.1219,0,OK,0,0.6849484163187444,1,-14.795389,-0.9778901902173549,14.62856118632882
STATION_7,2024-08-04 04:57:36,4ad1143903e6,225.32,32.33,-7.277,46.06,14,0.0283,0,OK,0,0.6849294489546798,1,-14.5615956,-0.9989571694333768,14.55227207289554
STATION_4,2024-12-29 10:25:03,e1533cb7843a,221.5,32.29,-7.152,52.53,59,0.1172,0,OK,0,0.6844775278387156,1,-14.304234999999998,-0.999967003325953,14.302750123721264
STATION_0,2024-10-07 10:34:57,e802830e78cd,230.73,32.46,-7.49,41.7,1,0.0021,0,OK,0,0.68431748706578,1,-14.979495799999999,-1.0000671874243943,15.022881626145875
STATION_2,2024-07-29 18:30:58,c8623acbc099,236.76,37.2,-8.763,46.55,23,0.056,0,OK,0,0.684254755248991,1,-17.570472000000002,-0.9949505380260604,17.52684565894034
STATION_2,2024-07-16 00:26:08,e999028c78c0,236.33,37.63,-8.924,49.47,30,0.0744,0,OK,0,0.6842444362678056,1,-17.8170979,-1.0034747280275944,17.850928768547774
STATION_2,2024-11-24 14:14:15,8ada33933a14,237.79,32.75,-7.771,50.63,5,0.0108,0,OK,0,0.6840091958039751,1,-15.558622499999998,-0.9978653950078609,15.541405308178113
STATION_13,2024-09-01 22:35:39,ead625ac8084,235.36,31.5,-7.405,42.39,49,0.1008,0,OK,0,0.6838338959297834,1,-14.818840000000002,-0.9988075007273557,14.81017023239109
STATION_6,2024-04-23 21:50:10,11d6a877a695,251.0,25.9,-6.602,42.67,8,0.0147,0,OK,0,0.6837210431240285,1,-13.1029,-1.0155515366254617,13.21402458893498
STATION_2,2024-04-27 21:56:39,f6a7e200a548,232.54,38.37,-8.81,48.9,46,0.1126,0,OK,0,0.6835932177124683,1,-17.732559799999997,-0.9873846978997333,17.621484318618542
STATION_2,2024-02-26 23:28:13,f8c752d67e9e,233.69,35.59,-8.276,48.34,20,0.046,0,OK,0,0.683422759673281,1,-16.5930271,-0.9950669759069348,16.554509868223718
STATION_14,2024-02-19 18:34:50,0ffa49aaf0c0,233.28,35.21,-8.234,50.63,30,0.0686,0,OK,0,0.6833516810260435,1,-16.447788799999998,-1.002460520720898,16.46501227852658
STATION_16,2024-12-06 09:16:14,80942f4efe69,237.4,26.34,-6.246,47.71,52,0.0902,0,OK,0,0.6832999620938194,1,-12.499116,-0.9988618476193553,12.490183095016501
STATION_11,2024-05-24 15:37:01,d84932f28aeb,233.84,27.8,-6.532,48.3,52,0.0943,0,OK,0,0.6832660509949143,1,-13.032752,-1.0048066739345427,13.06000959933543
STATION_3,2024-12-03 17:34:36,bac91d5b5550,221.87,34.21,-7.577,47.33,58,0.1221,0,OK,0,0.6832470582309321,1,-15.1671727,-0.9982643743713006,15.15515032170417
STATION_4,2024-12-10 00:50:58,9c96d4a39ff6,216.26,30.16,-6.455,51.17,56,0.1004,0,OK,0,0.6830807254088945,1,-12.9774016,-0.9896659859665823,12.908870822589977
STATION_5,2024-08-18 00:03:35,3859c7122507,230.6,35.44,-8.208,47.12,27,0.0616,0,OK,0,0.682875762116401,1,-16.380464,-1.0043481373123044,16.42023836821757
STATION_19,2024-07-25 23:07:12,99e372a228ec,234.27,37.24,-8.825,44.86,29,0.0711,0,OK,0,0.6827957372790346,1,-17.5492148,-1.0115522360187374,17.650111365485664
STATION_1,2024-01-15 17:30:22,09387748f7ae,231.94,29.67,-6.932,45.4,2,0.0039,0,OK,0,0.6827930473718694,1,-13.8136598,-1.0073149783842876,13.939386703932922
STATION_1,2024-03-26 14:26:08,126e233840f8,230.02,34.92,-8.011,41.85,59,0.1313,0,OK,0,0.6827593850085967,1,-16.043298399999998,-0.9973482811161147,16.022036614715034
STATION_18,2024-07-24 23:40:44,59ff4dfbc179,229.15,27.89,-6.576,37.98,26,0.0475,0,OK,0,0.682317598827965,1,-12.966993500000001,-1.0289478421550824,13.15201255210817
STATION_19,2024-09-02 20:00:06,5b25a89aee23,238.36,34.41,-8.225,47.87,53,0.1211,0,OK,0,0.6822279278114689,1,-16.426967599999998,-1.0028080331836433,16.45010169120588
STATION_7,2024-12-29 12:59:15,1b411925dadc,231.65,27.51,-6.407,40.96,14,0.0249,0,OK,0,0.6821633237529334,1,-12.779691500000002,-1.0053835172495769,12.808211117141306
STATION_10,2024-11-03 13:12:57,2a43f65a5242,223.95,33.84,-7.653,36.62,42,0.0893,0,OK,0,0.6821462118777323,1,-15.231468,-1.0098345721279587,15.30662968888381
STATION_7,2024-06-23 20:13:08,7dbaf5cc5b22,228.17,36.63,-8.385,47.61,23,0.0536,0,OK,0,0.6820639795928425,1,-16.742867099999998,-1.0032462704215206,16.773252273557183
STATION_2,2024-01-09 23:25:07,86cc28ad1e00,235.31,37.25,-8.709,49.78,5,0.0121,0,OK,0,0.6819502981091404,1,-17.4742975,-0.9935771154855707,17.4147318730514
STATION_13,2024-01-14 18:47:59,5b1d5de53051,233.89,32.86,-7.761,44.98,11,0.0237,0,OK,0,0.6819018845375981,1,-15.446625399999999,-1.009807086121178,15.514826020575082
STATION_1,2024-06-27 13:23:17,9ec01ba5ead6,226.76,31.76,-7.2,44.53,4,0.008,0,OK,0,0.6817240876775913,1,-14.401897600000002,-0.9997363750719844,14.393525826755921
STATION_5,2024-04-01 08:09:51,ed5616c33e4c,228.91,35.18,-8.019,48.0,51,0.1136,0,OK,0,0.6817002919554626,1,-16.0720538,-0.9957711948017542,16.037257534762254
STATION_5,2024-04-01 12:02:30,6aa323eb284c,232.19,35.89,-8.327,46.4,24,0.0555,0,OK,0,0.6816908001150971,1,-16.6602991,-0.9992439849850122,16.650751437284406
STATION_2,2024-03-19 03:43:10,956b5345a677,232.84,32.89,-7.621,45.66,35,0.0741,0,OK,0,0.6816665710637566,1,-15.2791076,-0.9951543387619236,15.241930418585518
STATION_3,2024-08-16 22:42:09,070ace1c8959,225.54,31.68,-7.161,51.59,17,0.0338,0,OK,0,0.6815631315962415,1,-14.3061072,-1.0022241510632408,14.317131642710955
STATION_7,2024-08-11 21:44:22,8290835c025a,224.81,36.39,-8.127,50.03,55,0.1242,0,OK,0,0.6814590592259572,1,-16.3078359,-0.993419145173277,16.255922470529203
STATION_11,2024-01-17 02:45:05,844c7eb2707c,231.43,30.52,-7.04,48.29,35,0.0684,0,OK,0,0.681274697035283,1,-14.103243599999999,-0.9967090761659309,14.074705001771246
STATION_1,2024-10-01 14:26:27,64aa67538e55,228.84,35.39,-8.015,43.18,42,0.0935,0,OK,0,0.6811559815638557,1,-16.1136476,-0.9896712891086548,16.028598834385626
STATION_10,2024-01-10 17:31:28,8455607ab520,224.03,34.04,-7.693,38.01,15,0.0321,0,OK,0,0.6811449033515612,1,-15.3189812,-1.008788087651188,15.395151483643925
STATION_19,2024-01-27 09:28:55,808f5e5e1fe6,242.42,31.19,-7.59,46.45,54,0.1138,0,OK,0,0.6810695570552993,1,-15.1510798,-1.0038247442085264,15.17616092260516
STATION_1,2024-04-10 13:07:23,1accb0cbc1cf,236.41,28.67,-6.732,47.45,1,0.0019,0,OK,0,0.6810477002823472,1,-13.509874700000001,-0.9932315518857922,13.547464328417696
STATION_5,2024-03-11 10:59:54,0ce1a8d3bd1c,227.17,34.96,-7.984,47.24,2,0.0044,0,OK,0,0.6809776278301712,1,-15.925863199999998,-1.0053055301549982,15.889769614693552
STATION_0,2024-12-15 08:45:35,c3ebca377477,228.02,29.28,-6.679,41.71,58,0.1076,0,OK,0,0.6809533131573908,1,-13.3554256,-1.000385445711333,13.35720618030605
STATION_5,2024-12-01 15:06:02,1b0d9e73e018,231.86,30.23,-7.011,50.11,24,0.0467,0,OK,0,0.6807481689290161,1,-14.020127800000001,-1.0002669661313686,14.014949407588862
STATION_6,2024-04-23 21:45:00,11d6a877a695,243.7,27.08,-6.581,45.44,1,0.0018,0,OK,0,0.6806941956166412,1,-13.180396,-0.9972123210650914,13.037755679553607
STATION_7,2024-05-23 20:13:45,cf1671bf7df5,231.78,31.31,-7.252,55.34,6,0.0121,0,OK,0,0.6805823270980951,1,-14.509031799999999,-0.9993064934197348,14.50764661203278
STATION_16,2024-08-05 02:46:00,23101b6b3d40,238.17,33.58,-7.962,47.24,54,0.1194,0,OK,0,0.68029425978452,1,-15.959748599999998,-0.9955300426009838,15.921469368708753
STATION_7,2024-09-29 14:12:15,de60f8932948,228.6,33.99,-7.845,51.47,6,0.0131,0,OK,0,0.6802669219854195,1,-15.615114,-1.0096375664967634,15.700286827903259
STATION_2,2024-03-04 08:28:23,aaba6a16b405,227.43,35.81,-8.079,53.34,45,0.101,0,OK,0,0.6802172789529445,1,-16.2232683,-0.9919858617641734,16.158353651707863
STATION_15,2024-11-05 11:42:24,8065e7141a1a,228.6,29.72,-6.856,38.24,60,0.1143,0,OK,0,0.6801648728122708,1,-13.649992,-1.0091267388706464,13.713588544687319
STATION_5,2024-04-15 05:10:28,46738a8999a1,222.94,33.97,-7.585,46.7,20,0.0421,0,OK,0,0.6801212409771195,1,-15.1582718,-1.0015484982925744,15.161636205483013
STATION_3,2024-10-19 02:24:30,a390c6b67e6f,220.96,34.82,-7.711,44.37,9,0.0193,0,OK,0,0.6800186641370444,1,-15.4048272,-1.0022318928306717,15.427913234706118
STATION_11,2024-07-31 00:55:43,59f6a9b0c15a,233.91,30.51,-7.171,50.8,60,0.1195,0,OK,0,0.6800020800429858,1,-14.3075941,-1.0048209124264316,14.340569825810451
STATION_2,2024-12-14 13:07:51,349da1e60d57,233.71,36.21,-8.496,51.32,24,0.0566,0,OK,0,0.6799026114683655,1,-16.9586391,-1.003942020410392,16.98472669099635
STATION_0,2024-06-16 21:42:09,2b686e8fd6ca,228.29,28.03,-6.377,37.53,36,0.0638,0,OK,0,0.6797656741902437,1,-12.7759687,-0.9965666816643934,12.75636206379362
STATION_9,2024-09-02 04:55:46,4e48a753f7d1,213.63,33.12,-7.036,37.77,49,0.0958,0,OK,0,0.6795925892315017,1,-14.1114256,-0.9944276716827222,14.073850280387564
STATION_15,2024-10-25 18:13:22,57c2ea8ad5ff,226.6,30.75,-6.983,41.85,57,0.1106,0,OK,0,0.6794864125141808,1,-13.950949999999999,-1.0021597453828248,13.967822011241395
STATION_18,2024-05-27 08:59:10,dc2d99119b2e,229.54,30.23,-6.974,41.55,42,0.0814,0,OK,0,0.6793931951842723,1,-13.9129942,-1.0050446496922205,13.950544867582778
STATION_3,2024-03-26 01:53:24,7a61e7d2f561,226.59,33.72,-7.716,47.76,56,0.12,0,OK,0,0.6793787045120959,1,-15.356614800000001,-1.0098662466446748,15.429789827796785
STATION_7,2024-02-04 18:33:17,43445a5b41ff,231.13,31.63,-7.329,46.26,60,0.1222,0,OK,0,0.6793368535540831,1,-14.639641899999999,-1.002511010351771,14.660560106393616
STATION_7,2024-12-07 03:27:01,f307b9899856,228.23,37.33,-8.514,46.06,32,0.0757,0,OK,0,0.6793098138814508,1,-17.033825899999997,-0.999316077654113,17.029292029646665
STATION_7,2024-07-31 18:13:30,3620e94f2502,231.92,31.47,-7.351,46.9,1,0.002,0,OK,0,0.6791586434285614,1,-14.649522399999999,-1.007190029698336,14.525172977281784
STATION_1,2024-10-13 04:19:27,99b9d4de1c02,228.09,29.14,-6.532,45.96,59,0.1071,0,OK,0,0.6791007772319251,1,-13.1785426,-0.9827664411920805,13.066516537973953
STATION_4,2024-12-05 10:25:46,9f63337f4256,218.01,26.11,-5.609,50.56,57,0.0888,0,OK,0,0.6790992305016154,1,-11.301241099999999,-0.9853762193284085,11.217066858935224
STATION_5,2024-11-19 12:04:46,cea9302273d4,235.72,30.05,-7.052,47.96,58,0.1136,0,OK,0,0.6789792341981201,1,-14.135386,-0.9955689276895359,14.102596859505272
STATION_10,2024-02-22 16:54:22,71ece12b0f53,225.77,28.24,-6.463,36.39,1,0.0018,0,OK,0,0.6789527719817748,1,-12.8387448,-1.0136853323104569,12.919755679553607
STATION_5,2024-04-15 13:38:46,bc393457a375,232.83,34.83,-8.092,42.89,36,0.0809,0,OK,0,0.678940296933445,1,-16.201468900000002,-0.997845740817165,16.181191080891914
STATION_3,2024-10-26 00:06:31,a8474be3b369,223.45,33.5,-7.494,52.42,13,0.0271,0,OK,0,0.6788187368005454,1,-14.979575,-1.0011253643006228,14.996537758774494
STATION_4,2024-03-30 22:04:20,090c9aca6f23,223.93,25.54,-5.789,49.24,7,0.0113,0,OK,0,0.6787050265492982,1,-11.5081722,-1.0122092473086843,11.597441373008166
STATION_9,2024-01-02 22:08:29,3c4fb7784c3e,230.29,29.99,-6.898,45.73,54,0.1035,0,OK,0,0.6786859731534404,1,-13.8043971,-0.9987840115964355,13.797540030664623
STATION_1,2024-08-25 17:52:55,b544b5e58bc4,224.22,31.5,-7.117,42.61,58,0.1147,0,OK,0,0.678574631341413,1,-14.17993,-1.0076553204328345,14.23586848402513
STATION_15,2024-11-24 21:06:49,583e4594cc01,217.99,30.91,-6.734,41.89,4,0.0075,0,OK,0,0.6785721671967705,1,-13.4720709,-0.9993956876595513,13.477930462583675
STATION_11,2024-01-01 09:54:38,18e2bd2a6c1a,226.2,30.9,-6.979,47.15,13,0.0252,0,OK,0,0.6785508193256843,1,-13.96858,-0.9984861753515698,13.95552957642499
STATION_4,2024-06-01 08:20:50,fd4543af77fa,217.6,32.13,-6.913,55.49,2,0.0038,0,OK,0,0.6785493874221602,1,-13.904488,-0.9887736360595003,13.740710121780793
STATION_3,2024-06-16 19:43:06,7d8640b9e9ce,221.06,32.33,-7.172,46.29,1,0.002,0,OK,0,0.678194817417104,1,-14.318869799999998,-1.003516112254331,14.346172977281785
STATION_2,2024-07-11 21:29:38,19ea27e96682,228.81,31.71,-7.167,49.25,57,0.1135,0,OK,0,0.6781525021011054,1,-14.4225651,-0.9877933577091936,14.334968338841756
STATION_4,2024-08-20 06:28:44,de8711840723,217.03,31.61,-6.845,51.43,22,0.0418,0,OK,0,0.6781353471701985,1,-13.7053183,-0.9977669698260253,13.683880910396478
STATION_8,2024-10-19 07:37:56,fa01411d04be,235.42,23.41,-5.623,36.68,54,0.0843,0,OK,0,0.6780886130600143,1,-11.134182200000001,-1.0202890733155088,11.242625358309446
STATION_14,2024-12-22 00:02:07,fb8bd94dccfa,228.97,33.18,-7.619,50.8,4,0.0085,0,OK,0,0.6779798006471516,1,-15.2162246,-1.0028660989085278,15.262121190928166
STATION_18,2024-08-05 05:49:22,fd68f23881ff,225.22,29.57,-6.642,37.04,52,0.0959,0,OK,0,0.6777700661712746,1,-13.301755400000001,-0.9973337763525405,13.280771161996478
STATION_9,2024-12-26 21:12:40,ec932ff3d153,219.89,33.47,-7.379,40.93,5,0.0102,0,OK,0,0.677639886363023,1,-14.738718299999999,-1.0026197602400406,14.717716124390439
STATION_6,2024-09-03 09:51:34,7ed1c11583c0,247.76,28.41,-7.036,42.02,60,0.1173,0,OK,0,0.6775722191288257,1,-14.0748616,-0.999593314976769,14.073577745335278
STATION_3,2024-02-16 14:07:40,668a428c3ca7,223.72,34.11,-7.562,50.62,44,0.0924,0,OK,0,0.6774078879600414,1,-15.1930892,-0.9909462215503626,15.121381505149579
STATION_6,2024-10-28 19:09:24,4118a70b4631,248.78,28.5,-7.088,44.96,36,0.0709,0,OK,0,0.6773486227807209,1,-14.17823,-0.9996853417046637,14.177291070892911
STATION_6,2024-09-30 15:43:40,1500859826c9,245.9,27.94,-6.877,43.95,53,0.1012,0,OK,0,0.67727388313538,1,-13.747446,-1.0009537952916308,13.750495385219118
STATION_14,2024-09-16 14:06:21,c90473d78364,229.92,36.84,-8.456,48.83,44,0.1033,0,OK,0,0.6772286298460221,1,-16.9262528,-0.9983171932817408,16.90712672599515
STATION_6,2024-04-25 00:19:54,dbcc120a3e44,247.17,30.72,-7.458,42.35,51,0.1057,0,OK,0,0.6771455281177343,1,-15.0510624,-0.9822122649469779,14.918649836482132
STATION_7,2024-07-19 12:21:02,fef9c74b4af8,229.71,35.09,-8.108,42.97,39,0.0878,0,OK,0,0.6771001136128125,1,-16.168523900000004,-1.0058898273485886,16.211867335322893
STATION_7,2024-04-14 16:03:54,1a600cc93a43,234.15,35.91,-8.339,46.1,26,0.0602,0,OK,0,0.6770782307281217,1,-16.7473265,-0.9917549001272847,16.67323064498762
STATION_15,2024-02-28 21:22:00,5cb098d59fc3,224.14,25.76,-5.71,40.58,44,0.0698,0,OK,0,0.6769991067929,1,-11.483846400000001,-0.9889419661489495,11.420441872937669
STATION_2,2024-10-17 01:15:11,dca8e2bb4ba7,236.67,30.57,-7.222,49.68,2,0.004,0,OK,0,0.676835908918374,1,-14.4570019,-0.9982027788820929,14.409063286085047
STATION_5,2024-02-08 03:36:07,99f2c29b001a,233.74,34.61,-8.096,45.1,9,0.0202,0,OK,0,0.6768177717526458,1,-16.185741399999998,-1.0007735227762014,16.172769292283085
STATION_15,2024-02-20 23:02:38,95fc31452254,225.3,30.6,-6.97,39.08,53,0.1026,0,OK,0,0.6767638606604728,1,-13.864180000000001,-1.0109975354578011,13.938583266042308
STATION_9,2024-03-29 12:37:48,f0701e59ed86,223.82,32.7,-7.313,37.66,22,0.0447,0,OK,0,0.676711104243714,1,-14.631914,-0.9991918200990173,14.62634872475413
STATION_17,2024-02-07 00:13:32,12a24059941b,227.04,30.72,-7.008,53.26,2,0.0039,0,OK,0,0.676671249364668,1,-13.982668799999999,-1.0047787495258915,14.01538670393292
STATION_10,2024-06-06 06:17:11,100ddbd2a223,219.5,33.8,-7.376,38.04,58,0.1188,0,OK,0,0.6766354116291092,1,-14.7951,-0.9941905360231652,14.749335448144599
STATION_3,2024-07-13 18:00:01,b6ae55381ca1,223.98,32.47,-7.365,50.04,56,0.1146,0,OK,0,0.6765678553030727,1,-14.6376306,-1.0127008220793146,14.73166928554593
STATION_5,2024-03-10 18:39:29,bf9b911c555e,227.82,33.53,-7.636,46.01,8,0.017,0,OK,0,0.676523372521088,1,-15.2748046,-0.9996327174499636,15.282559048428208
STATION_14,2024-02-19 18:35:51,0ffa49aaf0c0,230.62,36.69,-8.425,50.22,9,0.0211,0,OK,0,0.6764994624064078,1,-16.8864478,-0.9956923689002292,16.861625349860056
STATION_8,2024-01-03 16:31:32,48999fd85022,230.67,27.85,-6.425,38.35,34,0.0607,0,OK,0,0.6764751886922324,1,-12.849159499999999,-1.0001306785532522,12.851378383465281
STATION_14,2024-06-22 15:29:12,64e6f064908e,225.21,32.34,-7.361,49.84,4,0.0082,0,OK,0,0.6764268290442415,1,-14.6442914,-1.0106692956608467,14.73436397242482
STATION_0,2024-01-20 06:05:46,c5227af1f84e,233.95,32.7,-7.645,45.1,58,0.1232,0,OK,0,0.6763923410867307,1,-15.295165,-0.9993247205354758,15.291421946224027
STATION_10,2024-03-08 18:30:15,5a27761cb190,220.94,32.16,-7.118,38.11,5,0.0099,0,OK,0,0.6763860528076564,1,-14.2234304,-1.0017688721898013,14.240871532496604
STATION_7,2024-01-30 20:26:59,4891e79764de,231.65,33.16,-7.675,48.15,3,0.0064,0,OK,0,0.6763498961977591,1,-15.356513999999999,-0.9991518600171972,15.345795045944865
STATION_16,2024-09-01 11:59:26,44a88ac9710e,236.48,30.06,-7.122,45.17,3,0.0059,0,OK,0,0.6763451520029452,1,-14.2305888,-1.001886478243547,14.193514182980422
STATION_2,2024-05-16 03:16:34,d95680fd076a,232.29,36.51,-8.521,50.48,22,0.0521,0,OK,0,0.676341661958977,1,-17.0019079,-1.0047272173858632,17.04505969932193
STATION_1,2024-10-27 09:30:55,0a9c3240b486,224.09,33.31,-7.475,46.41,17,0.0353,0,OK,0,0.6763243907202854,1,-14.939437900000001,-1.0014148551741777,14.948711449340138
STATION_14,2024-04-24 23:45:31,9447291be9b1,234.76,31.98,-7.522,51.45,53,0.1107,0,OK,0,0.6762995017464263,1,-15.0296248,-1.0019146132722812,15.040734576519332
STATION_2,2024-10-09 06:56:38,170aa7075712,234.64,29.98,-7.03,46.13,46,0.0898,0,OK,0,0.6762850720602022,1,-14.064507200000001,-0.999359130749183,14.057276126216209
STATION_2,2024-02-26 01:32:50,1613b61fafb6,238.04,33.49,-7.994,47.53,57,0.1266,0,OK,0,0.6762312591192065,1,-15.9659596,-1.0027646147674136,15.989284508346838
STATION_3,2024-07-15 22:55:14,0278c57e7aec,223.56,34.37,-7.668,52.23,5,0.0106,0,OK,0,0.6761832744333461,1,-15.351757199999998,-0.9979491546207169,15.29450891358222
STATION_17,2024-05-24 00:24:57,727636ced53a,236.44,30.87,-7.366,48.98,24,0.0491,0,OK,0,0.676014217273837,1,-14.6649028,-1.0091926406811937,14.729895415687645
STATION_2,2024-09-29 10:04:03,679ec17f3dbb,232.4,36.28,-8.458,48.31,35,0.0822,0,OK,0,0.6759546081124445,1,-16.889471999999998,-1.003146188097857,16.911987589847904
STATION_9,2024-06-30 06:22:41,0064bcaad891,216.22,29.43,-6.409,40.89,21,0.0374,0,OK,0,0.675723066337715,1,-12.7723546,-1.00717300790168,12.819329657772954
STATION_13,2024-02-03 14:36:42,dfa3eee157ea,230.22,32.61,-7.456,45.93,9,0.0186,0,OK,0,0.6756825981506535,1,-14.9634742,-0.9931434738538997,14.89302518992403
STATION_7,2024-08-04 12:42:20,849bde8bbae6,229.21,30.1,-6.93,49.59,60,0.1155,0,OK,0,0.675674490603884,1,-13.829221,-1.004461082713384,13.859584224946502
STATION_6,2024-03-01 19:01:08,f3f81aa2facd,246.26,24.39,-5.975,41.25,51,0.0847,0,OK,0,0.6756359831152882,1,-11.9812814,-0.9947917200829585,11.953401524598263
STATION_6,2024-07-12 18:27:25,561ae3f6d5c4,242.28,28.3,-6.794,39.37,55,0.1038,0,OK,0,0.6756283856228584,1,-13.650524,-0.9908809491688573,13.587737137205565
STATION_5,2024-02-11 08:31:25,7cdd71b5f815,227.29,30.05,-6.809,46.76,46,0.087,0,OK,0,0.6756276506846075,1,-13.6390645,-0.9969157689629771,13.617162839429957
STATION_1,2024-08-28 01:04:56,ca7c92ff4aea,229.0,33.47,-7.697,46.3,1,0.0021,0,OK,0,0.6755875922487125,1,-15.36163,-1.0042231648203286,15.229881626145874
STATION_2,2024-09-16 18:34:17,d40273dbe291,236.91,33.05,-7.877,51.46,32,0.07,0,OK,0,0.675527086743501,1,-15.706875499999999,-1.0060184218742148,15.751114162156759
STATION_15,2024-11-03 12:33:59,09b11fed97bd,224.62,27.09,-6.126,38.94,51,0.0868,0,OK,0,0.6754353697387333,1,-12.2109558,-1.0067450273434975,12.252626355786651
STATION_5,2024-11-14 03:30:27,a8fa2e423a30,230.42,36.08,-8.28,47.81,59,0.1357,0,OK,0,0.675372252949185,1,-16.5935536,-0.995963868451649,16.559494810486136
STATION_14,2024-04-30 11:19:58,6d5697336cc0,231.56,35.74,-8.264,48.7,53,0.1217,0,OK,0,0.6752547584704888,1,-16.5399544,-0.9985554054580816,16.529853640130106
STATION_10,2024-09-26 17:30:17,cdb4b8fbcc01,217.98,29.07,-6.348,35.99,9,0.0159,0,OK,0,0.675210227165935,1,-12.6846786,-1.001786487674081,12.705457017193122
STATION_18,2024-07-21 00:21:04,0c9a5bbeb928,227.99,24.73,-5.544,38.15,59,0.0909,0,OK,0,0.6751768506557339,1,-11.1821927,-0.9832936388829634,11.09010227172579
STATION_0,2024-12-08 10:43:36,6c056f3bdb25,227.39,32.64,-7.439,39.9,46,0.095,0,OK,0,0.6751765726545261,1,-14.8610096,-1.002289056283482,14.87320080167639
STATION_17,2024-09-13 00:27:12,946d7380075f,234.47,27.45,-6.426,52.61,29,0.0518,0,OK,0,0.675157387195191,1,-12.862201500000001,-0.9984148261338888,12.85554667696424
STATION_2,2024-12-29 02:07:26,301cd6aeecfb,226.18,36.19,-8.101,50.9,39,0.0878,0,OK,0,0.6751504740253088,1,-16.2864542,-0.9896822842546376,16.204867335322895
STATION_10,2024-02-19 18:28:31,704dd0a1f668,224.74,32.66,-7.34,34.9,7,0.0143,0,OK,0,0.6751444157903299,1,-14.680008399999998,-0.9999987193476891,14.69050545433777
STATION_19,2024-12-30 13:18:58,204aa1fbf71f,231.58,32.51,-7.437,48.51,54,0.1116,0,OK,0,0.675118939955319,1,-14.9656658,-0.9878242984534792,14.876504033064464
STATION_12,2024-03-26 21:12:15,32136153104a,226.25,31.99,-7.219,47.17,5,0.01,0,OK,0,0.6750799357260864,1,-14.4567375,-0.9974110006875767,14.413819729794549
STATION_8,2024-07-05 20:32:43,3771dda2a45f,231.84,27.65,-6.393,37.65,33,0.0586,0,OK,0,0.6750619329453833,1,-12.803376,-0.9972892389948359,12.785029960367961
STATION_3,2024-06-23 12:21:09,0cabec75e0ce,223.64,31.55,-7.06,51.98,3,0.0059,0,OK,0,0.6750563598843199,1,-14.115841999999999,-1.0005891571000092,14.131514182980421
STATION_3,2024-11-12 04:58:00,78a99698296f,228.08,26.44,-6.026,47.93,6,0.01,0,OK,0,0.6749078759988981,1,-12.056435200000001,-0.9992643649890531,12.022402158704777
STATION_11,2024-12-25 02:51:48,25cbed89d665,235.94,30.93,-7.329,48.34,2,0.0041,0,OK,0,0.6748397149212213,1,-14.6266242,-1.0042993164406415,14.695739868237172
STATION_2,2024-05-04 11:14:10,2d666dde30de,234.11,32.41,-7.589,48.38,57,0.1202,0,OK,0,0.674838321850715,1,-15.1765051,-1.0001968894627973,15.180099509504661
STATION_2,2024-04-05 22:16:18,92f5907145e0,237.47,34.38,-8.158,48.74,37,0.0838,0,OK,0,0.6747735153701231,1,-16.3222186,-0.999238188056578,16.31072027586505
STATION_16,2024-06-22 10:42:09,e7ff7daf6a9c,241.72,30.45,-7.429,43.58,60,0.1238,0,OK,0,0.6747527265149265,1,-14.789374,-1.0093235738668207,14.856554346739195
STATION_9,2024-10-24 10:07:14,822e7bac12d5,217.48,32.42,-7.062,40.56,58,0.1138,0,OK,0,0.6747233401678561,1,-14.112701600000001,-1.0016023083997332,14.125009882145246
STATION_14,2024-02-09 09:52:48,05c43ca903c4,230.73,35.26,-8.185,51.7,60,0.1364,0,OK,0,0.6747080835949282,1,-16.3205398,-1.0060793991715955,16.368508989460633
STATION_14,2024-03-03 01:50:22,79e55d988030,230.09,31.21,-7.21,49.46,31,0.0621,0,OK,0,0.674640609236824,1,-14.391108899999999,-1.004023068913066,14.42077552284251
STATION_14,2024-12-22 00:01:47,fb8bd94dccfa,225.37,35.3,-7.884,48.74,17,0.0372,0,OK,0,0.6746004766137337,1,-15.839561,-0.9910047838229405,15.759979204403773
STATION_6,2024-02-16 04:24:51,308cd0268c8f,243.13,26.74,-6.467,42.43,56,0.1006,0,OK,0,0.6745939973265921,1,-12.9682962,-0.9947245605077091,12.933727138969637
STATION_4,2024-09-10 20:34:51,5fb32415e4ed,221.54,30.32,-6.755,53.9,60,0.1126,0,OK,0,0.6745571069346524,1,-13.472092799999999,-1.005643244106551,13.510594664320141
STATION_6,2024-10-13 09:34:42,3084b3052d8b,243.94,27.74,-6.765,43.85,56,0.1052,0,OK,0,0.6745062969107744,1,-13.531895599999999,-0.9997197238095821,13.527422415701848
STATION_5,2024-03-18 23:27:30,64187825ff16,227.45,34.31,-7.805,47.14,30,0.065,0,OK,0,0.6744797918114201,1,-15.6088095,-1.000152425536217,15.604064112306524
STATION_12,2024-03-31 21:02:47,4cf4c201aac4,224.01,30.28,-6.792,43.56,57,0.1075,0,OK,0,0.6743839777849675,1,-13.5750228,-1.001323333112881,13.581044902427214
STATION_2,2024-04-20 00:38:15,c1da9da46f0d,233.43,34.14,-7.84,48.51,28,0.061,0,OK,0,0.6743536139181948,1,-15.8093002,-0.9837750893390752,15.681848905140768
STATION_7,2024-05-15 00:38:25,b1a8d8d65c5b,231.16,34.56,-7.985,53.67,35,0.0776,0,OK,0,0.6743412712283364,1,-15.9738896,-0.9995129987134884,15.965893393822352
STATION_9,2024-12-28 14:31:52,aaf6ccca7fb0,216.86,28.75,-6.256,41.74,22,0.0382,0,OK,0,0.6743005050264705,1,-12.490725000000001,-1.0034121788190853,12.505886382228361
STATION_6,2024-10-31 13:11:26,3b057ea4e64d,238.73,23.95,-5.693,41.88,13,0.0206,0,OK,0,0.6742802001903285,1,-11.4105835,-0.9957001947238383,11.396036082315666
STATION_9,2024-04-14 00:11:43,91fabe6510dc,225.47,30.18,-6.813,38.74,50,0.0946,0,OK,0,0.6742598504978761,1,-13.6176846,-1.0012218639462196,13.62370962890672
STATION_3,2024-01-20 23:18:43,97ebaafebe5d,226.98,35.25,-8.033,52.23,30,0.0669,0,OK,0,0.6741976104400658,1,-16.034045,-1.0039937278200877,16.06003675558933
STATION_6,2024-03-10 09:11:34,31ee6d1eef52,248.88,24.81,-6.227,40.2,33,0.0571,0,OK,0,0.6741911184735,1,-12.401712799999999,-1.008467793276508,12.45541144602407
STATION_18,2024-09-04 04:38:23,0c974dae3460,227.23,29.96,-6.868,37.86,57,0.1087,0,OK,0,0.6741735580880527,1,-13.6758108,-1.008841049336881,13.732829589710123
STATION_2,2024-02-23 09:08:56,75a80ecd4497,233.86,31.2,-7.215,48.67,58,0.1162,0,OK,0,0.6741708830600311,1,-14.511432000000001,-0.9888393410862538,14.426966153824935
STATION_5,2024-04-06 14:17:07,79399ad0d846,229.35,33.74,-7.797,48.12,14,0.0303,0,OK,0,0.6741589169778971,1,-15.535269,-1.0075895516698177,15.586425576280384
STATION_12,2024-09-04 14:52:37,f2e88bf79f93,222.56,29.87,-6.709,45.94,49,0.0913,0,OK,0,0.6741381159022606,1,-13.3568672,-1.0091956997583074,13.416262323584391
STATION_7,2024-12-16 09:17:04,555665d5d6a7,230.45,34.15,-7.865,47.47,51,0.1114,0,OK,0,0.6741106740799098,1,-15.7348675,-0.9993813746697293,15.727974378279182
STATION_19,2024-12-07 19:58:43,0b723031d558,233.36,31.6,-7.449,47.94,25,0.0517,0,OK,0,0.6740774685314931,1,-14.823176,-1.0101466238198513,14.892728103153146
STATION_12,2024-06-23 15:34:49,6d3e7a0de6c6,224.02,29.72,-6.671,45.88,60,0.1112,0,OK,0,0.6740557317461349,1,-13.3288744,-1.0019712895197768,13.342599704017758
STATION_19,2024-03-21 00:25:07,dca781e53c5f,238.41,33.25,-8.024,45.36,41,0.0914,0,OK,0,0.6740178672136964,1,-15.9511325,-1.0122196125497318,16.048661249256163
STATION_5,2024-08-11 08:44:30,f714566eb884,226.48,34.26,-7.778,48.81,36,0.0778,0,OK,0,0.6739788725999146,1,-15.537204799999998,-1.0024221808886677,15.55722207779222
STATION_10,2024-10-12 04:11:15,6891c0d063d2,226.7,27.65,-6.092,34.18,25,0.0423,0,OK,0,0.6739597242275539,1,-12.360254999999999,-0.9718811739660921,12.182322993488938
STATION_11,2024-07-11 09:37:47,d8c87b48762d,231.21,31.07,-7.207,50.7,57,0.1141,0,OK,0,0.6739495925830136,1,-14.390694700000001,-1.003244054449578,14.41286068248321
STATION_3,2024-03-13 05:38:25,c7a691d5036b,226.63,33.28,-7.56,50.42,54,0.1134,0,OK,0,0.6739388601282792,1,-15.102246399999999,-1.0023537546646906,15.11949603359776
STATION_1,2024-07-30 09:09:00,e599953bc2ed,229.33,29.41,-6.816,46.89,5,0.0095,0,OK,0,0.6738765700170255,1,-13.5605953,-1.0105868011699972,13.65107874330482
STATION_10,2024-04-26 01:47:18,bc7cf49a3039,230.97,31.97,-7.392,38.06,53,0.1088,0,OK,0,0.673852024261698,1,-14.776110899999999,-1.0010682530420483,14.781686738259289
STATION_8,2024-03-23 11:37:48,519c10d6c2c4,228.05,31.13,-7.063,35.03,56,0.1099,0,OK,0,0.6738406009245786,1,-14.1621965,-0.9949011842535723,14.12754585062389
STATION_1,2024-01-28 16:39:40,92438abdc3f3,228.11,33.68,-7.727,46.43,55,0.1181,0,OK,0,0.6737332314050085,1,-15.4097448,-1.0057602062012776,15.45667587576086
STATION_7,2024-12-16 10:16:49,13bb07b362de,230.65,29.73,-6.961,47.41,58,0.1121,0,OK,0,0.6736523691799503,1,-13.8182245,-1.0151335988586054,13.918499189705468
STATION_6,2024-01-13 08:53:23,e8f07eda1140,249.45,28.78,-7.017,45.0,28,0.0546,0,OK,0,0.6736005939658695,1,-14.196171,-0.9774107654754616,14.03609754460141
STATION_0,2024-06-24 00:47:11,fc6d7d699c59,219.72,30.92,-6.87,38.36,34,0.0649,0,OK,0,0.6735784813938749,1,-13.6637424,-1.011224533443521,13.741037184298133
STATION_13,2024-10-26 17:27:42,4cb615a674e9,225.24,30.56,-6.864,44.13,4,0.0076,0,OK,0,0.6735736624485293,1,-13.7473344,-0.9971909838942324,13.697849535418124
STATION_1,2024-03-25 09:36:10,3a98a9f05119,231.14,34.01,-7.802,43.89,57,0.1235,0,OK,0,0.6735273340359557,1,-15.6630714,-0.9924854527481518,15.60150739953266
STATION_12,2024-09-07 08:36:41,bdc978630f68,222.73,30.77,-6.776,46.62,55,0.1035,0,OK,0,0.6735224996516332,1,-13.6294021,-0.988705888319921,13.550102058774335
STATION_16,2024-08-17 07:07:22,933a33d6d965,231.75,31.37,-7.288,46.31,6,0.0121,0,OK,0,0.6734324559654273,1,-14.5579975,-1.0024761353114446,14.54364661203278
STATION_9,2024-08-30 15:09:11,b4b038d200a6,213.15,31.18,-6.603,37.03,23,0.0422,0,OK,0,0.6732445149399009,1,-13.249016999999998,-0.9935272519574879,13.207183692987183
STATION_19,2024-07-28 19:24:40,899e9867412b,234.99,31.66,-7.565,45.8,36,0.0756,0,OK,0,0.6732204336279237,1,-15.0047834,-1.0168305414871968,15.124244075592442
STATION_1,2024-01-21 01:02:01,2d2659a5ba02,227.54,31.62,-7.142,47.59,54,0.1071,0,OK,0,0.6731937268545546,1,-14.3368148,-0.9926591866326863,14.28152403173122
STATION_19,2024-04-30 20:17:48,49382d919d4c,243.71,29.22,-7.142,46.68,36,0.0714,0,OK,0,0.6731888311329491,1,-14.263206199999999,-1.0029198420177974,14.281286071392863
STATION_12,2024-05-30 21:05:02,904387c36636,229.95,28.08,-6.507,47.96,1,0.0018,0,OK,0,0.6731657043828749,1,-12.963995999999998,-1.0077440023589914,12.963755679553607
STATION_7,2024-06-02 12:34:47,f33cf0caf03b,232.29,34.41,-7.915,50.95,7,0.0154,0,OK,0,0.6731403984480797,1,-15.908098899999999,-0.9902290849636448,15.83092895082529
STATION_10,2024-01-06 16:45:07,aa31a12bf5a6,226.74,27.98,-6.436,33.4,29,0.0518,0,OK,0,0.6730969540618711,1,-12.780185200000002,-1.0144721162187829,12.86554667696424
STATION_7,2024-10-31 19:29:53,94767dc59af9,235.43,29.79,-7.007,44.72,5,0.0097,0,OK,0,0.6730969213429572,1,-14.0204597,-0.9990788142578455,13.985975137900711
STATION_3,2024-12-01 05:56:11,c4b6a313a206,225.53,35.76,-8.133,47.33,39,0.0881,0,OK,0,0.6729772066677465,1,-16.1979528,-1.0084372708991836,16.26455708703812
STATION_14,2024-09-16 09:10:40,d3e13bb871d5,225.09,33.51,-7.604,52.18,27,0.057,0,OK,0,0.6729632134301,1,-15.146765899999998,-1.0081181217465438,15.202986801759767
STATION_3,2024-03-14 22:08:43,632f813e34b7,220.09,35.6,-7.773,48.57,10,0.0216,0,OK,0,0.6729617239289126,1,-15.608204,-0.9920608331243406,15.546201647406933
STATION_3,2024-02-26 00:49:11,d67c825f977d,222.27,35.78,-7.918,49.84,15,0.033,0,OK,0,0.6729075597300573,1,-15.870820600000002,-0.9956214785454258,15.83609965608254
STATION_5,2024-08-03 18:07:43,5b30dfb73b7a,227.2,32.2,-7.278,49.06,60,0.1213,0,OK,0,0.6728696592168558,1,-14.59384,-0.9948275256392257,14.555563346199229
STATION_12,2024-01-29 20:42:24,e17f12e11799,228.36,34.94,-7.9,47.49,45,0.0987,0,OK,0,0.672796799157186,1,-15.8788984,-0.9901114933219988,15.795368370530358
STATION_10,2024-09-26 17:23:15,cdb4b8fbcc01,224.19,27.47,-6.243,36.29,3,0.0052,0,OK,0,0.672760789611105,1,-12.401499300000001,-1.0137208242078026,12.475520974830204
STATION_11,2024-05-05 11:01:06,a63dd41bbb47,233.28,29.39,-6.918,46.38,20,0.0384,0,OK,0,0.6727209428579036,1,-13.774099200000002,-1.0090284269766068,13.828756063908497
STATION_14,2024-06-30 17:07:40,9bc2a3f5cf10,226.67,30.58,-6.885,51.16,53,0.1014,0,OK,0,0.6727205263790125,1,-13.8165686,-0.9932815216917104,13.77207936819386
STATION_18,2024-09-03 06:09:22,7705cd5fd555,226.05,27.04,-6.148,39.34,1,0.0017,0,OK,0,0.6727102792322018,1,-12.260392,-1.0058253780475175,12.246047030689517
STATION_11,2024-03-09 22:43:40,1564661c133b,233.93,30.77,-7.177,52.27,41,0.0817,0,OK,0,0.672670850284386,1,-14.3750261,-0.9970787689865741,14.350028709674273
STATION_3,2024-04-13 02:18:50,8642d07bbd35,220.72,33.59,-7.457,49.89,4,0.0083,0,OK,0,0.6726547823621721,1,-14.870984800000002,-1.0058017645515316,14.920283045259268
STATION_19,2024-07-24 12:55:27,bcf9fbf65c3f,236.68,32.3,-7.669,46.93,41,0.0873,0,OK,0,0.672573054447858,1,-15.313763999999999,-1.0031701432287323,15.333692856237013
STATION_5,2024-09-14 23:16:36,f49db55869b0,223.45,35.94,-8.059,46.74,14,0.0313,0,OK,0,0.672494948245503,1,-16.089793,-1.0035122305465687,16.105502327972808
STATION_13,2024-03-23 21:33:27,08a44cea022f,227.18,31.14,-6.943,42.94,24,0.0463,0,OK,0,0.6724923679625321,1,-14.0173852,-0.9814279011230682,13.886958406239064
STATION_7,2024-05-18 16:30:21,8dfc864bb7f9,230.55,31.17,-7.145,45.98,52,0.1032,0,OK,0,0.6724757722414403,1,-14.3312435,-0.9942606322398296,14.289120791637503
STATION_9,2024-10-04 13:52:29,9d5adf4274fa,219.6,30.56,-6.712,40.54,4,0.0075,0,OK,0,0.672459023292635,1,-13.422975999999998,-1.000152436821047,13.455930462583675
STATION_6,2024-04-15 19:02:28,8fee97a857b6,249.54,23.58,-5.904,39.71,27,0.0443,0,OK,0,0.6724025075627466,1,-11.7881532,-1.0033727532157468,11.80987921610452
STATION_0,2024-06-13 13:28:37,03acab29a6a5,225.59,27.54,-6.23,38.47,10,0.0173,0,OK,0,0.672379263503337,1,-12.442748600000002,-1.0027766127899311,12.455758726858331
STATION_3,2024-05-13 21:04:55,1dfcd9ed2778,219.74,35.89,-7.899,45.69,10,0.0219,0,OK,0,0.6723771878433346,1,-15.7854686,-1.0015888478160113,15.780162781398696
STATION_2,2024-02-07 19:55:22,8c059f86c50c,235.06,36.09,-8.472,44.93,30,0.0706,0,OK,0,0.6723562340659683,1,-16.955315400000003,-0.9986660405593263,16.94298348198216
STATION_16,2024-10-17 11:43:02,54f90c218445,234.17,33.1,-7.749,45.86,17,0.0366,0,OK,0,0.6723530455545935,1,-15.500027,-0.9997383572862851,15.497947281752099
STATION_13,2024-05-01 23:45:28,8fcd349ed6b1,229.83,28.48,-6.462,50.29,3,0.0054,0,OK,0,0.672325588634237,1,-13.0075584,-0.9872341850568186,12.93423332001598
STATION_16,2024-07-28 09:21:35,3394bed8b606,239.41,27.89,-6.695,44.33,32,0.0595,0,OK,0,0.6723024797257652,1,-13.3721449,-1.0026739119179648,13.387997037833244
STATION_18,2024-03-10 08:15:22,822681466f42,227.86,22.57,-5.088,36.54,17,0.024,0,OK,0,0.6722682859707988,1,-10.230800200000001,-0.9893440951985465,10.169276906066951
STATION_2,2024-12-03 16:44:34,2f01495412ca,234.83,35.32,-8.368,49.89,18,0.0418,0,OK,0,0.6722490787686799,1,-16.6621956,-1.0088981975662357,16.726328334333132
STATION_19,2024-10-19 13:34:49,1300ef742e9e,233.55,33.4,-7.794,46.85,50,0.1082,0,OK,0,0.6722296446508946,1,-15.59457,-0.9991576257686777,15.583839131582526
STATION_15,2024-11-14 14:29:04,a821f83938f6,229.65,30.04,-6.809,39.12,10,0.0189,0,OK,0,0.6722008227171106,1,-13.707685999999999,-0.9869994101776179,13.610551441481068
STATION_18,2024-08-30 08:17:22,82792b647e0d,230.42,23.03,-5.337,42.17,4,0.0059,0,OK,0,0.6721328126214206,1,-10.6435726,-1.0057337186466233,10.64222529723249
STATION_0,2024-08-31 13:32:39,82d9320204ef,230.48,34.13,-7.905,43.84,10,0.022,0,OK,0,0.6721218704819099,1,-15.7712824,-1.004921841488701,15.822149826062617
STATION_11,2024-03-03 10:15:15,565f92a1d8a7,224.04,30.16,-6.725,47.89,3,0.0056,0,OK,0,0.6720371558501134,1,-13.4820464,-0.9952571888129716,13.436945665201756
STATION_5,2024-06-21 22:43:44,f0b9d8da9036,229.75,36.27,-8.32,44.29,45,0.104,0,OK,0,0.6720204078155242,1,-16.653032500000002,-0.9984359237245355,16.63933445324374
STATION_17,2024-12-04 12:59:11,aa2a00450b31,234.28,24.06,-5.717,50.09,1,0.0016,0,OK,0,0.6720050825377828,1,-11.353776799999999,-1.0142319251966965,11.456338381825429
STATION_1,2024-02-27 23:45:17,175a712e0f07,228.58,30.23,-6.938,46.43,4,0.0077,0,OK,0,0.6719690967723334,1,-13.8479734,-1.0040558182096881,13.861768608252573
STATION_18,2024-08-09 19:14:39,2a17f1de1470,226.32,30.61,-7.018,39.4,41,0.0799,0,OK,0,0.671957425604476,1,-13.9456552,-1.013041033993575,14.032993805421963
STATION_9,2024-04-30 05:20:38,32022f45b333,218.42,32.82,-7.189,36.56,11,0.022,0,OK,0,0.67193462035207,1,-14.3575444,-1.0028533822217265,14.386644407284887
STATION_9,2024-06-08 03:01:25,457b141a8b80,221.74,30.23,-6.689,37.35,54,0.1003,0,OK,0,0.671811661058558,1,-13.392200200000001,-0.9978814301441525,13.375220918605427
STATION_9,2024-03-24 08:25:14,9cb62d59831e,222.61,31.55,-7.077,39.24,15,0.0295,0,OK,0,0.6718013219559592,1,-14.1003455,-1.0076393069884846,14.15530120771015
STATION_9,2024-11-01 22:48:44,8de5211a941a,226.63,24.62,-5.571,37.3,20,0.0309,0,OK,0,0.6717695044932128,1,-11.1506306,-0.9984530161453669,11.131999020176368
STATION_8,2024-12-04 18:16:22,0d3d749686ae,226.24,28.52,-6.351,35.22,55,0.097,0,OK,0,0.6716167838465249,1,-12.8033648,-0.9842901343256142,12.69967535943102
STATION_3,2024-09-29 14:52:22,ba9f35c9f71c,225.95,29.24,-6.676,48.89,23,0.0427,0,OK,0,0.6715447337845936,1,-13.282778,-1.0104772688779209,13.358432314942009
STATION_2,2024-09-30 23:40:49,861e3ee0af42,236.15,34.63,-8.143,49.65,16,0.0362,0,OK,0,0.6715193838969098,1,-16.320874500000002,-0.995735383841439,16.28616778724787
STATION_8,2024-02-24 15:57:33,a5c354499e5f,228.15,26.52,-6.029,35.75,55,0.0921,0,OK,0,0.6714973367631359,1,-12.079538,-0.9964401518608507,12.056969078387597
STATION_16,2024-01-15 21:01:38,481228046354,235.88,30.67,-7.257,47.64,3,0.006,0,OK,0,0.6714830202405905,1,-14.4914396,-1.0031183337105565,14.44837035557331
STATION_1,2024-11-19 18:30:39,8ae9d235bc67,228.31,33.8,-7.711,40.4,11,0.0236,0,OK,0,0.6714762338986514,1,-15.427878,-0.9992381635114403,15.432109455087424
STATION_11,2024-12-03 05:58:34,a66203399172,229.14,32.24,-7.39,45.6,53,0.1088,0,OK,0,0.671443984289131,1,-14.7774736,-1.0003418488910947,14.779686738259288
STATION_5,2024-11-21 07:19:32,a898a0a18d91,223.82,27.96,-6.239,49.24,3,0.0052,0,OK,0,0.6713708410552741,1,-12.497007199999999,-0.9969625798828452,12.471520974830202
STATION_13,2024-02-18 02:11:11,2ffac199b01e,225.87,30.63,-6.959,44.72,57,0.1102,0,OK,0,0.6713678918952768,1,-13.8773981,-1.0058685397319735,13.918560448813757
STATION_5,2024-01-27 23:29:45,1fa230f71b10,231.47,34.09,-7.834,45.11,35,0.0762,0,OK,0,0.6713661826594457,1,-15.7248123,-0.9928000704312696,15.670908203727617
STATION_2,2024-12-21 06:10:37,b6c02d4a74a3,232.03,31.37,-7.172,46.36,11,0.0219,0,OK,0,0.6713569243272829,1,-14.4507811,-0.9853296748641507,14.336927841797229
STATION_11,2024-10-27 06:56:52,f8c631d280f1,228.92,27.66,-6.376,47.83,3,0.0053,0,OK,0,0.6713118201662994,1,-12.7079272,-1.0069602494860888,12.728377147423092
STATION_13,2024-09-01 22:40:07,ead625ac8084,225.83,29.8,-6.87,48.33,22,0.042,0,OK,0,0.671278013854748,1,-13.599734000000002,-1.020842574038948,13.741602828628043
STATION_19,2024-07-24 12:51:01,bcf9fbf65c3f,234.88,31.26,-7.26,47.49,56,0.1129,0,OK,0,0.6712274822019999,1,-14.602348800000001,-0.9887842717599751,14.517390596318808
STATION_8,2024-08-18 00:51:55,48642f4cb7ce,224.52,26.5,-5.966,36.06,5,0.0083,0,OK,0,0.6712244700713991,1,-11.915780000000002,-1.00272598268743,11.937700375729476
STATION_13,2024-02-03 08:44:56,feb133df217c,228.09,33.17,-7.691,47.74,3,0.0064,0,OK,0,0.6712006395721817,1,-15.2567453,-1.016555366124291,15.361795045944866
STATION_5,2024-12-18 08:50:13,112991867c2a,229.04,31.14,-7.129,47.68,34,0.0673,0,OK,0,0.6711798573746878,1,-14.2613056,-0.9995363912145897,14.254127927631192
STATION_12,2024-09-15 01:48:33,5f78155452d1,227.43,32.05,-7.239,47.69,9,0.0181,0,OK,0,0.6711624434716053,1,-14.5281315,-0.9931222954171844,14.476105157936825
STATION_17,2024-03-01 16:44:56,a7dd2a8d0485,238.31,25.57,-6.077,51.54,56,0.0945,0,OK,0,0.6711488034331854,1,-12.1705867,-0.9972778433959357,12.151609489389969
STATION_18,2024-01-05 04:32:18,7ef180c4123e,226.24,30.85,-6.942,36.64,21,0.0405,0,OK,0,0.6711250983427323,1,-13.921504,-0.994626409752554,13.883667142775524
STATION_13,2024-01-28 18:11:48,43de56b28a75,229.29,33.14,-7.63,45.89,43,0.0911,0,OK,0,0.6710929208867266,1,-15.2286706,-1.0041228785305054,15.256338260052647
STATION_14,2024-04-24 11:41:07,728625246103,226.12,34.75,-7.835,52.15,44,0.0958,0,OK,0,0.6710632761757083,1,-15.69267,-0.9971147939383056,15.672540564862874
STATION_6,2024-03-10 05:32:27,ed04e5e18aa9,248.0,30.23,-7.272,43.05,34,0.0687,0,OK,0,0.670977466782836,1,-14.76904,-0.9699826905041602,14.54534752790881
STATION_5,2024-05-15 13:19:33,4675164bb160,231.06,34.22,-7.929,49.06,59,0.13,0,OK,0,0.6709556536371027,1,-15.8358732,-1.0027982992318254,15.860719420509934
STATION_16,2024-07-23 01:05:44,d5a1d42b3c0e,228.85,30.89,-7.05,44.85,58,0.1136,0,OK,0,0.6709318630237927,1,-14.119176499999998,-0.9972871667177688,14.100596859505272
STATION_8,2024-04-05 04:46:18,1ad23a7f502c,228.5,25.94,-5.989,35.32,1,0.0017,0,OK,0,0.6709268040790523,1,-11.91629,-1.010410995512115,12.087047030689517
STATION_16,2024-04-11 23:11:36,cf0e5aeee1ce,243.66,29.79,-7.278,44.69,54,0.1092,0,OK,0,0.6709087493587252,1,-14.5366314,-1.002668216122916,14.557514699020066
STATION_6,2024-10-14 15:06:06,37165c18a07b,247.3,29.11,-7.135,42.45,54,0.107,0,OK,0,0.670857553552412,1,-14.333903,-0.991123093181962,14.267857809479368
STATION_19,2024-03-11 00:17:53,0a14577f4676,237.33,31.79,-7.563,49.04,58,0.1218,0,OK,0,0.6708442875188038,1,-15.1077207,-1.0024226605999265,15.122530787744209
STATION_14,2024-03-04 20:29:15,f7901857d367,232.39,32.7,-7.612,52.96,21,0.0444,0,OK,0,0.6708249000695474,1,-15.211153,-1.0016904513318192,15.2221239787465
STATION_3,2024-03-03 05:02:25,5ed7f480a5d4,221.44,28.46,-6.374,49.61,37,0.0655,0,OK,0,0.6707445328317174,1,-12.676182399999998,-1.011395510958948,12.746352960252516
STATION_13,2024-10-07 04:46:38,a1b7782e5d33,223.97,28.99,-6.447,42.84,19,0.034,0,OK,0,0.6707335813296753,1,-12.9398903,-0.9929320701857429,12.887884884969164
STATION_0,2024-12-25 17:14:22,80e11907bf2f,229.44,31.69,-7.202,42.97,3,0.006,0,OK,0,0.670724705271563,1,-14.4729536,-0.9905164309511711,14.39337035557331
STATION_8,2024-09-21 01:40:40,1b2f632cbd72,228.36,27.21,-6.285,35.57,54,0.0943,0,OK,0,0.6707225147011344,1,-12.4986756,-1.011478453835206,12.571247583494433
STATION_18,2024-03-14 06:18:07,b16fca9d354e,222.95,29.81,-6.599,42.95,3,0.0055,0,OK,0,0.6706755274658227,1,-13.2451395,-0.9929070864511517,13.191089492608867
STATION_9,2024-10-02 09:11:34,a5b9b941aaae,223.95,32.51,-7.27,37.14,11,0.0222,0,OK,0,0.6706422470418761,1,-14.550614499999998,-0.9985419501963811,14.533077538260205
STATION_10,2024-11-14 06:00:10,bbcf33974e90,223.12,31.79,-7.094,35.19,47,0.0926,0,OK,0,0.6706308132782686,1,-14.186984800000001,-1.000142986328832,14.18622272336587
STATION_3,2024-03-02 05:59:43,ecfb858dcf23,219.76,34.83,-7.691,52.41,39,0.0833,0,OK,0,0.6706133580351819,1,-15.3452408,-1.0048023306501763,15.379521059594499
STATION_0,2024-08-10 18:20:54,e959749edd10,228.58,28.68,-6.665,43.62,51,0.0944,0,OK,0,0.6705406865745729,1,-13.2206744,-1.0166763290323984,13.328059078182717
STATION_19,2024-08-10 05:28:20,30f8ebb7824f,239.48,29.43,-6.906,45.96,13,0.0249,0,OK,0,0.6705179640779703,1,-13.9538964,-0.9798667046430045,13.79947565289612
STATION_7,2024-10-26 19:15:39,81714abe2a0d,229.8,29.59,-6.755,49.09,59,0.1107,0,OK,0,0.6704815868925188,1,-13.554782,-0.9934140545367403,13.509164152695767
STATION_4,2024-12-14 12:04:44,b07360ea41e0,220.88,30.8,-6.712,48.5,56,0.1044,0,OK,0,0.6704777239236268,1,-13.515104000000001,-0.9866083207594178,13.422997150183203
STATION_19,2024-11-28 09:28:24,0e97cde9c7d4,235.17,32.11,-7.569,43.94,48,0.1009,0,OK,0,0.6704484513406386,1,-15.120308699999999,-1.002342679707601,15.135932480063996
STATION_13,2024-12-18 03:25:11,aa7a98790423,231.91,32.49,-7.497,43.25,54,0.1125,0,OK,0,0.6704404695747683,1,-15.0317559,-0.9949889690535337,14.996500033331113
STATION_7,2024-05-24 18:21:56,f7d830b89521,231.69,32.91,-7.616,46.41,53,0.1121,0,OK,0,0.670423661114584,1,-15.2409179,-0.9988302957556703,15.229822457342522
STATION_2,2024-07-20 03:07:25,4edd22349cac,233.59,33.0,-7.774,47.37,30,0.0648,0,OK,0,0.6704027174740355,1,-15.48247,-1.0085009076378442,15.549066991960965
STATION_18,2024-01-06 01:48:55,3b7908749aac,230.34,24.96,-5.731,42.21,27,0.043,0,OK,0,0.6703973172531662,1,-11.4802864,-0.9968191884093323,11.463568990801226
STATION_19,2024-11-24 16:12:50,8276072e43c3,233.96,31.05,-7.131,45.65,55,0.1089,0,OK,0,0.6703923976978111,1,-14.395458000000001,-0.9816285011726269,14.258533470536474
STATION_17,2024-06-20 00:22:13,a4d71b8eb347,234.75,30.15,-7.086,52.23,31,0.061,0,OK,0,0.6703736181429732,1,-14.163712499999999,-1.0011707877127267,14.169048420183463
STATION_16,2024-03-31 17:44:35,569d106cdf27,239.9,30.19,-7.265,46.65,58,0.117,0,OK,0,0.6703424844545067,1,-14.507581,-1.0030953049616835,14.526618244384832
STATION_5,2024-08-22 13:52:32,2726c77af68b,223.4,34.95,-7.809,47.54,6,0.013,0,OK,0,0.670307711718464,1,-15.61683,-1.0001497214783464,15.60432280631621
STATION_3,2024-03-03 04:58:13,5ed7f480a5d4,226.12,32.04,-7.287,53.94,5,0.0101,0,OK,0,0.6703016825362649,1,-14.5318848,-1.005812955671434,14.553767927092494
STATION_16,2024-11-19 04:12:51,3b5a0c709b70,235.78,31.4,-7.412,45.84,60,0.1235,0,OK,0,0.6702886135029114,1,-14.815491999999999,-1.0011490522108957,14.821555426674399
STATION_3,2024-06-08 02:46:31,6784363e7ccd,221.94,35.14,-7.79,49.44,36,0.0779,0,OK,0,0.6702837949332002,1,-15.5889716,-0.9988495151271592,15.57922107789221
STATION_14,2024-08-16 12:46:10,3100e3dcfea5,235.6,32.37,-7.686,45.52,21,0.0448,0,OK,0,0.670281754543711,1,-15.312372,-1.0078185265787551,15.364683654230703
STATION_18,2024-05-06 04:05:36,f1104c17fe51,227.97,31.62,-7.225,37.76,43,0.0863,0,OK,0,0.6702658449317341,1,-14.4334114,-1.0023011447014323,14.449511436251848
STATION_7,2024-05-15 00:38:55,b1a8d8d65c5b,226.86,28.06,-6.335,46.32,52,0.0915,0,OK,0,0.6702511046342553,1,-12.700691599999999,-0.9951784351006833,12.669176864678601
STATION_9,2024-08-22 04:32:03,087ebafad6da,229.1,30.66,-7.079,42.71,11,0.0216,0,OK,0,0.6702488542879833,1,-14.103206,-1.0078005958537382,14.145778145334255
STATION_19,2024-10-02 15:04:58,de5fa1fed4fc,241.6,30.66,-7.275,47.21,57,0.1152,0,OK,0,0.6702465580529909,1,-14.682456,-0.9821184247171466,14.55032997915921
STATION_7,2024-02-04 18:35:38,43445a5b41ff,229.02,32.1,-7.345,46.56,48,0.0979,0,OK,0,0.6702138736435098,1,-14.696542,-0.9991099827614419,14.686949353798465
STATION_0,2024-07-04 15:21:07,c60a1853e5dd,232.51,30.06,-7.108,39.69,28,0.0553,0,OK,0,0.6702046500049653,1,-14.097250599999999,-1.0169901452682002,14.2170859746604
STATION_17,2024-08-09 08:00:01,f0f75a027d13,228.96,27.09,-6.224,48.58,4,0.0069,0,OK,0,0.6700804124936,1,-12.4265264,-1.003461911349235,12.42841602557698
STATION_13,2024-06-17 11:27:58,0bd2457cdb2c,225.17,32.08,-7.113,48.82,2,0.004,0,OK,0,0.6700726355990099,1,-14.336453599999999,-0.984708895380889,14.300063286085047
STATION_18,2024-04-01 15:58:26,0b8f38dec0fc,224.89,26.49,-5.927,38.94,31,0.051,0,OK,0,0.6700653997947769,1,-11.884336099999999,-0.9949076072931983,11.848892941464861
STATION_0,2024-06-23 05:15:35,dd71bdf31277,232.34,31.26,-7.186,41.52,45,0.0898,0,OK,0,0.670056909597219,1,-14.448948399999999,-0.9894052132595058,14.369425325973921
STATION_2,2024-02-02 13:06:05,35c5492e2100,234.22,35.22,-8.215,50.08,43,0.0981,0,OK,0,0.6700567828650977,1,-16.4642284,-0.9958505942385358,16.42733571142881
STATION_7,2024-10-20 08:31:10,67a64b40924e,230.39,31.36,-7.188,49.24,16,0.0319,0,OK,0,0.6700399354797179,1,-14.4130304,-0.9948745689880324,14.363885425779198
STATION_14,2024-03-19 13:50:48,849f4cbb3212,230.35,32.53,-7.489,50.67,13,0.027,0,OK,0,0.6700296228545867,1,-14.9822855,-0.9994279546097696,14.963853117598203
STATION_1,2024-06-03 00:34:44,116c4623a678,230.49,32.14,-7.602,44.58,16,0.0338,0,OK,0,0.6699834439483128,1,-15.009948600000001,-1.0261948866390775,15.205289259916519
STATION_0,2024-12-06 19:15:08,2ba12fa56e9a,226.45,32.59,-7.361,40.5,48,0.0981,0,OK,0,0.6699814611685964,1,-14.7410055,-0.9974245957642448,14.717948228882834
STATION_19,2024-10-19 12:42:54,8077410eb23a,235.26,33.03,-7.723,47.61,41,0.088,0,OK,0,0.6698415229269462,1,-15.493637799999998,-0.9938693843291236,15.449150874557356
STATION_18,2024-01-16 14:27:53,c4e28482a928,226.2,26.22,-5.937,36.27,2,0.0033,0,OK,0,0.6698279342903305,1,-11.867964,-1.0010175409903785,11.866327211020163
STATION_16,2024-07-29 01:47:31,62854760a455,234.8,31.29,-7.336,44.89,2,0.0041,0,OK,0,0.6698172931615478,1,-14.682891999999999,-0.9985173324288241,14.702739868237174
STATION_3,2024-08-09 07:25:18,a6e86072e254,227.25,31.04,-7.084,56.02,7,0.0138,0,OK,0,0.6697454049287604,1,-14.13784,-1.004275542927605,14.17749477411617
STATION_14,2024-08-08 06:40:15,abcd6602a9d2,228.94,32.53,-7.579,52.59,6,0.0126,0,OK,0,0.6697330938595838,1,-15.0264182,-1.0176679728193625,15.13446671996802
STATION_8,2024-12-16 13:09:01,01f32ecf3aeb,222.78,30.25,-6.646,38.53,53,0.0978,0,OK,0,0.6696780626640735,1,-13.385095,-0.9861856842520125,13.288567674648515
STATION_4,2024-05-12 12:11:06,305423635b19,224.17,30.38,-6.849,49.57,10,0.019,0,OK,0,0.6696643698149638,1,-13.6592846,-1.0056846955140912,13.686538486144986
STATION_15,2024-03-17 16:30:16,8f3dace2341c,231.94,27.79,-6.527,43.73,41,0.0743,0,OK,0,0.6696225354651618,1,-12.9726126,-1.0126266334053906,13.050329658859223
STATION_9,2024-01-28 11:36:51,a6f2b1f5f00d,219.35,30.62,-6.781,37.62,26,0.049,0,OK,0,0.6696172712302589,1,-13.497497,-1.009603516594511,13.56467610638527
STATION_6,2024-10-16 20:04:11,27532b862461,245.63,30.63,-7.38,45.39,10,0.0205,0,OK,0,0.6696123690727114,1,-14.9036469,-0.9809071474490453,14.757344156103802
STATION_17,2024-07-10 10:15:06,91f08505e94d,231.7,31.58,-7.292,54.34,15,0.0304,0,OK,0,0.6695771001595505,1,-14.609086,-0.9965714498132932,14.586249380148764
STATION_11,2024-10-23 07:46:21,2385a4b64f44,232.45,32.64,-7.675,48.29,50,0.1066,0,OK,0,0.669572349577316,1,-15.262167999999999,-1.0115762545950935,15.349647425385374
STATION_3,2024-08-21 16:35:18,bf87ff95c920,222.12,34.29,-7.49,48.42,58,0.1207,0,OK,0,0.6695509552728346,1,-15.1064948,-0.983391863749206,14.981259163224351
STATION_2,2024-02-22 15:51:17,90f21c55f698,238.65,30.17,-7.099,45.74,7,0.0138,0,OK,0,0.6695272608592437,1,-14.299070500000001,-0.9859624310675247,14.19249477411617
STATION_14,2024-03-31 22:16:06,c458d0aca703,223.85,32.78,-7.224,52.17,56,0.1124,0,OK,0,0.6695188801881201,1,-14.561803000000001,-0.9844907277436138,14.449249805369655
STATION_15,2024-04-18 23:36:44,227124fef85e,230.26,29.79,-6.942,41.53,24,0.0463,0,OK,0,0.669496241305244,1,-13.801445399999999,-1.012035023701038,13.885958406239064
STATION_14,2024-01-28 00:09:33,df8e6d562b49,232.57,32.08,-7.359,50.69,24,0.0491,0,OK,0,0.6694962314060747,1,-14.8198456,-0.9863491899163294,14.722895415687645
STATION_12,2024-04-21 13:02:49,f4c86542d018,218.78,34.05,-7.484,44.92,11,0.0229,0,OK,0,0.6694909252627692,1,-14.933459,-1.0046365776848254,14.976093496673816
STATION_8,2024-04-09 14:56:17,9b5c27d8e0b5,225.03,30.61,-6.945,33.6,56,0.108,0,OK,0,0.6694824572997327,1,-13.8331683,-1.0082504795577543,13.887410845017108
STATION_6,2024-11-16 13:44:42,a46f1b6d2fdb,248.42,27.87,-7.037,42.78,27,0.0528,0,OK,0,0.6694229012791834,1,-13.9604654,-1.0163983752416275,14.076061458472203
STATION_7,2024-01-14 14:09:08,4292278c7091,232.45,30.47,-7.139,46.65,59,0.117,0,OK,0,0.669406578938796,1,-14.2217515,-1.0079414747303397,14.277547478458942
STATION_3,2024-03-03 04:56:01,5ed7f480a5d4,225.3,30.83,-7.058,48.69,56,0.1098,0,OK,0,0.6693982299075688,1,-14.003999,-1.0161243881370574,14.116117692434058
STATION_6,2024-09-05 06:15:56,dd9d0156d9fa,242.47,26.19,-6.368,43.0,31,0.0548,0,OK,0,0.6693901758707771,1,-12.7182893,-1.0027888016395092,12.731132023377931
STATION_9,2024-03-13 05:24:04,20b730f12f1e,217.88,30.06,-6.478,37.9,59,0.1062,0,OK,0,0.6693471409790003,1,-13.027472799999998,-0.9890870927676664,12.9576046342935
STATION_5,2024-11-24 07:02:56,e3d142bec37b,224.99,32.78,-7.422,48.69,56,0.1154,0,OK,0,0.6693297115128767,1,-14.7971722,-1.006349247499706,14.840094551064574
STATION_19,2024-10-23 21:12:32,ad5b043bb54f,239.06,31.67,-7.585,49.93,24,0.0506,0,OK,0,0.6693092216661792,1,-15.1560302,-1.0018450326819417,15.173861670749387
STATION_2,2024-09-04 11:56:19,8fdf38afbb34,231.26,33.05,-7.678,47.4,51,0.1088,0,OK,0,0.6692884421785482,1,-15.321143,-1.0045604269656572,15.357457920617367
STATION_1,2024-01-15 18:21:42,cf41ba6ee2eb,232.96,28.8,-6.723,48.59,28,0.0523,0,OK,0,0.6692745321505773,1,-13.432248000000001,-1.0020495587509122,13.446421274407577
STATION_10,2024-05-03 17:05:24,cfb773afb509,222.91,30.58,-6.864,30.55,55,0.1049,0,OK,0,0.6692734833137804,1,-13.6805878,-1.0069552677139628,13.729732424786741
STATION_12,2024-08-07 20:18:44,183be80a856d,224.7,31.66,-7.125,47.58,11,0.0218,0,OK,0,0.6692554198113747,1,-14.239002,-1.0015458244816597,14.25721127630957
STATION_17,2024-06-23 08:28:38,9b464ddc29a2,237.32,29.19,-7.01,48.05,6,0.0117,0,OK,0,0.669211358178673,1,-13.9373708,-1.0119277847913404,14.025790525684588
STATION_14,2024-09-22 23:18:53,f2283da961d1,233.39,32.87,-7.632,48.36,13,0.0276,0,OK,0,0.6692112713800024,1,-15.3035293,-0.9948471428184282,15.27296096465594
STATION_19,2024-12-11 00:54:11,4e7a0a19f939,232.09,34.08,-7.868,45.25,24,0.0525,0,OK,0,0.6691996237088683,1,-15.777627200000001,-0.9947370218994618,15.741818927160924
STATION_13,2024-01-28 18:04:46,43de56b28a75,227.71,31.51,-7.165,44.28,57,0.1134,0,OK,0,0.6691941128850066,1,-14.340142100000001,-0.9985863557202084,14.326652948234848
STATION_1,2024-04-11 06:23:03,1391547bf58c,225.83,33.06,-7.543,45.38,55,0.1152,0,OK,0,0.6691770865813402,1,-15.0089398,-1.0103214319620641,15.082870117592304
STATION_15,2024-08-03 04:43:13,65e1a68333cd,222.77,28.81,-6.506,40.24,54,0.0976,0,OK,0,0.6691384872888486,1,-12.9240037,-1.0137106942286909,13.01223291780548
STATION_4,2024-12-17 15:11:12,3f417c2c62f0,221.53,26.51,-5.874,54.58,54,0.0881,0,OK,0,0.669102226598006,1,-11.746760300000002,-1.0002109229264942,11.746941803879741
STATION_10,2024-09-29 02:09:29,0762ee08a4cd,228.51,31.64,-7.224,36.82,43,0.0863,0,OK,0,0.6690965652582052,1,-14.454056399999999,-0.9991621919903431,14.448511436251849
STATION_9,2024-01-10 06:46:01,90ab96776758,215.48,28.69,-6.178,37.39,3,0.0051,0,OK,0,0.6690938886784934,1,-12.360121199999998,-0.9993332063219327,12.290664802237316
STATION_15,2024-02-29 13:43:28,3c36e40f38ac,224.0,30.18,-6.708,38.78,7,0.013,0,OK,0,0.6690560775310793,1,-13.46832,-0.9922605746088092,13.390277685761609
STATION_0,2024-06-18 22:12:05,f263d99a96f1,231.78,32.17,-7.408,39.53,38,0.0782,0,OK,0,0.6690318789778605,1,-14.8643626,-0.9935137819727567,14.81571926870086
STATION_0,2024-10-19 15:02:17,0b41dfed16ae,228.05,26.56,-5.997,43.73,15,0.025,0,OK,0,0.6690173476711064,1,-12.054008,-0.9900926348301612,11.995560345517076
STATION_12,2024-05-18 17:07:36,f3266c3941c6,224.81,33.35,-7.476,45.24,7,0.0145,0,OK,0,0.6689964941678265,1,-14.9734135,-0.9971437486882977,14.92930972642641
STATION_19,2024-03-17 17:46:27,66719f779cbc,231.92,31.85,-7.405,48.54,22,0.0453,0,OK,0,0.6689634989279063,1,-14.791652,-1.0024838042344755,14.816514479448816
STATION_4,2024-08-11 03:24:28,f25b5e00278d,224.15,28.89,-6.596,50.67,58,0.1063,0,OK,0,0.668961359329006,1,-13.0716935,-1.01857800734732,13.193521533146217
STATION_1,2024-01-27 22:33:33,c88596c32b7f,228.5,30.23,-7.041,42.93,24,0.0469,0,OK,0,0.668957062492669,1,-13.948555,-1.0193185549273867,14.07494490826376
STATION_12,2024-10-19 04:56:03,b7ae205f4d09,225.42,31.87,-7.13,46.24,53,0.105,0,OK,0,0.6689473957036065,1,-14.3141354,-0.9924644526515393,14.261591061739203
STATION_17,2024-08-24 07:50:45,d713e4febd0a,233.64,25.01,-5.816,51.13,38,0.0614,0,OK,0,0.6689323567845312,1,-11.6593364,-0.9953216119267732,11.632291088212696
STATION_14,2024-05-23 08:44:51,1fb2dadb793e,228.94,33.59,-7.749,46.53,51,0.1098,0,OK,0,0.6689032081595788,1,-15.4390946,-1.0076597747367406,15.499041173564219
STATION_16,2024-10-16 00:43:52,a0ad8eb38757,234.76,30.43,-7.159,45.97,51,0.1014,0,OK,0,0.66878778047163,1,-14.3027468,-1.0021350417773707,14.316141848810673
STATION_10,2024-04-28 09:07:30,f23c64bc801e,221.65,30.9,-7.009,33.93,16,0.0312,0,OK,0,0.6687625431241302,1,-13.857985,-1.0233631664599694,14.027420855307556
STATION_7,2024-01-28 04:40:17,b55e5c0bab2b,230.49,32.34,-7.529,45.56,34,0.0711,0,OK,0,0.6687303871486533,1,-14.983046600000002,-1.0100552617882395,15.05643827124187
STATION_14,2024-07-02 21:38:32,5466f0d935d7,231.8,31.9,-7.374,51.67,44,0.0901,0,OK,0,0.6686458233972009,1,-14.768419999999999,-0.9972383233251122,14.74521508240235
STATION_2,2024-09-16 18:36:51,d40273dbe291,229.58,33.81,-7.879,49.05,21,0.046,0,OK,0,0.6686388036345925,1,-15.6410998,-1.0150602527604382,15.763362680683311
STATION_0,2024-08-10 08:15:55,33909d864b25,223.27,32.64,-7.344,44.67,19,0.0388,0,OK,0,0.668618613296241,1,-14.631532800000002,-1.0077483276990082,14.694186280494222
STATION_9,2024-05-16 18:54:35,6cb5df760fd5,222.04,28.94,-6.396,38.29,15,0.0267,0,OK,0,0.6685178374648145,1,-12.821837599999999,-0.995356466002741,12.802462449012237
STATION_15,2024-02-24 20:15:12,4be66090ae12,226.91,27.91,-6.294,38.22,6,0.0105,0,OK,0,0.6684715694061815,1,-12.6270581,-0.9938325066317475,12.590222266640016
STATION_0,2024-08-27 13:01:37,2986758925de,228.98,31.04,-7.187,42.96,55,0.1098,0,OK,0,0.6683829391028306,1,-14.2945392,-1.0111796483402233,14.373438705830164
STATION_0,2024-02-03 22:02:03,ba9d78f8a603,224.61,32.14,-7.202,45.29,35,0.07,0,OK,0,0.6683776908532041,1,-14.4209654,-0.9976497466451706,14.401259504736657
STATION_7,2024-08-19 07:50:33,df5bcb5fee0d,228.36,28.81,-6.606,47.2,54,0.0991,0,OK,0,0.6683746994271331,1,-13.1850516,-1.004095939284632,13.212226251583228
STATION_8,2024-09-11 19:50:02,69b4ec68b86e,232.58,30.17,-7.067,40.09,13,0.0255,0,OK,0,0.668372265020274,1,-14.0839386,-1.007134221306394,14.12658349995386
STATION_6,2024-03-11 12:17:31,8294e42ab42f,243.55,27.05,-6.582,42.47,43,0.0786,0,OK,0,0.6683506816176189,1,-13.1700275,-0.9990849310988864,13.161914239738069
STATION_18,2024-09-23 15:46:06,a716ffb0373c,227.15,24.08,-5.547,41.9,53,0.0817,0,OK,0,0.6682695773737509,1,-11.016772,-1.0141188674557426,11.096057045181837
STATION_10,2024-07-14 04:32:25,0563ded5093e,223.44,30.99,-6.96,35.87,25,0.0483,0,OK,0,0.6682591601887256,1,-13.8844056,-1.0051402816235546,13.914198595402262
STATION_10,2024-05-12 10:48:41,57c8606b1309,224.83,30.98,-7.059,35.4,29,0.0569,0,OK,0,0.6682402141294581,1,-14.0242334,-1.013461944654727,14.121571542842958
STATION_7,2024-10-20 04:04:31,449a5a686861,224.35,34.45,-7.781,49.96,25,0.054,0,OK,0,0.6681968532386824,1,-15.509857499999999,-1.0067463390615832,15.555880417219921
STATION_8,2024-02-24 16:01:43,a5c354499e5f,229.19,26.43,-6.044,35.2,12,0.0201,0,OK,0,0.6681316844350507,1,-12.1014917,-0.997772560254179,12.072191542537237
STATION_4,2024-10-10 07:46:50,f4b73b8089dc,223.36,31.11,-7.085,50.44,23,0.0453,0,OK,0,0.6680386607374406,1,-14.033729600000001,-1.0196106897567736,14.174325149107096
STATION_15,2024-08-02 18:19:39,a450a791b210,228.72,29.84,-6.736,42.12,36,0.0674,0,OK,0,0.668030235841241,1,-13.5610048,-0.9869588682254307,13.475326067393262
STATION_14,2024-07-29 00:19:02,a2f7e745f326,228.52,30.93,-7.078,52.85,24,0.0472,0,OK,0,0.6680292898002775,1,-14.1461236,-1.0013971740113354,14.156938159276109
STATION_1,2024-09-29 23:59:32,b0e774ea576f,225.93,30.32,-6.942,45.25,42,0.081,0,OK,0,0.667984476513476,1,-13.792197600000002,-1.013401275694401,13.884262091820702
STATION_19,2024-07-22 02:42:59,594730200218,235.74,34.29,-7.97,46.07,33,0.0731,0,OK,0,0.6679792767896537,1,-16.0535246,-0.9859559299224586,15.94367559902556
STATION_15,2024-02-28 21:16:32,5cb098d59fc3,223.41,27.83,-6.316,43.63,15,0.0263,0,OK,0,0.667945911582666,1,-12.5335003,-1.0158421679783163,12.626485483483965
STATION_17,2024-05-18 15:53:34,f52aa0cb5b14,231.06,26.74,-6.11,50.25,2,0.0034,0,OK,0,0.6679360985284724,1,-12.2885444,-0.9889059000845086,12.21900379317229
STATION_13,2024-11-18 02:00:52,f6c52aa0ed6f,223.99,32.89,-7.366,46.2,3,0.0061,0,OK,0,0.6679035660408753,1,-14.7330311,-0.9998599028773065,14.6772265281662
STATION_9,2024-05-23 06:23:28,537084846a8e,217.47,32.95,-7.185,40.65,51,0.1018,0,OK,0,0.6678916691226218,1,-14.3506365,-1.002702132224802,14.370375149989414
STATION_14,2024-05-20 14:08:01,b6a36b99c21a,231.61,30.38,-7.123,48.57,13,0.0257,0,OK,0,0.6678702132980989,1,-14.159311800000001,-1.0123199753143437,14.237952782306438
STATION_12,2024-05-27 20:15:44,1fe811ce9ca7,223.36,31.8,-6.984,48.74,30,0.0582,0,OK,0,0.6678103315159337,1,-14.086848,-0.9832674184682793,13.967162020557534
STATION_19,2024-04-29 17:09:13,2bb3ced0ebca,234.98,33.36,-7.692,46.82,32,0.0684,0,OK,0,0.6677906995334979,1,-15.530932799999999,-0.9812558947748736,15.38613440987889
STATION_14,2024-04-18 22:47:02,fa200649d2a6,227.41,33.76,-7.552,51.72,21,0.0441,0,OK,0,0.667763670117216,1,-15.229361599999999,-0.9836711372731047,15.110704222133347
STATION_5,2024-01-06 16:47:51,7592661f48fc,224.58,35.26,-7.955,48.0,38,0.084,0,OK,0,0.6677578664084662,1,-15.8736908,-1.0045851260431677,15.912140902440822
STATION_13,2024-11-22 12:58:35,5c7a1fccd656,226.4,31.66,-7.258,44.7,5,0.0101,0,OK,0,0.6677531020860328,1,-14.425824,-1.0125805247756468,14.524767927092494
STATION_1,2024-02-17 09:25:24,0f57d10bfd2f,226.43,35.37,-8.005,45.72,41,0.0912,0,OK,0,0.6677462847687328,1,-16.013829100000002,-0.9995217653574648,16.01210181545035
STATION_2,2024-09-22 21:54:58,a2d75715d336,231.02,32.25,-7.362,49.0,14,0.0286,0,OK,0,0.6677258347424566,1,-14.812395,-0.988135395756145,14.71439509840327
STATION_1,2024-08-30 15:24:24,600cb62150b9,223.51,34.12,-7.784,44.35,12,0.0259,0,OK,0,0.6677250462792841,1,-15.4101612,-1.0206968847318774,15.551669699090272
STATION_19,2024-06-21 07:49:09,4b57aadefbac,234.9,33.35,-7.791,48.18,46,0.0996,0,OK,0,0.6676877902168413,1,-15.624915000000001,-0.9945217691892534,15.585172629968088
STATION_10,2024-03-19 00:49:42,32ddce242599,219.12,31.74,-6.99,34.88,44,0.0854,0,OK,0,0.6676770139556094,1,-13.9448688,-1.0050511657313843,13.976701088092792
STATION_13,2024-02-26 15:42:37,54267ed393f7,230.58,33.69,-7.757,46.43,49,0.1056,0,OK,0,0.6676555279245364,1,-15.525240199999999,-0.9985529285573675,15.514797386314475
STATION_19,2024-07-02 19:53:18,e499c3ed1069,235.93,34.44,-8.081,46.56,8,0.018,0,OK,0,0.6676471475859813,1,-16.2064292,-0.9945319572125548,16.17735663951222
STATION_18,2024-09-22 07:49:17,614309948871,224.15,26.84,-6.02,41.12,4,0.0067,0,OK,0,0.6676466186586323,1,-12.036185999999999,-1.0006337901398343,12.044577879908083
STATION_2,2024-11-24 14:13:25,8ada33933a14,231.87,33.93,-7.748,50.57,16,0.0344,0,OK,0,0.6675759774958158,1,-15.6153491,-0.9848296950710252,15.486258891749356
STATION_6,2024-02-09 20:54:21,e32a55c31710,244.73,29.52,-7.234,43.1,29,0.0583,0,OK,0,0.6675638109136227,1,-14.458429599999999,-1.0013245888194982,14.470343074652803
STATION_12,2024-04-14 12:14:16,2f52e74fdf16,225.13,29.83,-6.83,43.27,52,0.0987,0,OK,0,0.6675590826556673,1,-13.5456279,-1.0170305866662763,13.662603896653309
STATION_18,2024-07-21 01:58:19,fae6fbd41d55,227.4,25.58,-5.84,40.95,52,0.0844,0,OK,0,0.6675522263053724,1,-11.656892,-1.003972395572688,11.682672430370205
STATION_2,2024-12-04 07:59:30,3d8747ab2469,237.93,31.25,-7.4,44.98,21,0.0432,0,OK,0,0.6675277548147952,1,-14.8353125,-0.9952505701339963,14.804444952293892
STATION_8,2024-08-05 13:47:09,54edc1d93b58,229.32,28.4,-6.557,34.95,51,0.0929,0,OK,0,0.6675037588266338,1,-13.069688,-1.0068037948687556,13.114184198762441
STATION_13,2024-12-15 04:16:44,a22cc600a92e,218.78,30.4,-6.711,43.28,12,0.0224,0,OK,0,0.6674669423428943,1,-13.361912,-1.0090343987359331,13.428984604618613
STATION_6,2024-03-02 09:20:44,73f82bfabf7e,240.32,27.4,-6.486,41.63,31,0.0559,0,OK,0,0.6674609494517459,1,-13.070768,-0.9850003849793364,12.976859126036977
STATION_12,2024-05-23 23:56:52,c7d7259a186a,223.16,34.86,-7.757,46.54,39,0.084,0,OK,0,0.6674517626683357,1,-15.536357599999999,-0.9971259070124368,15.51013048026336
STATION_18,2024-09-28 20:11:33,b8d302c38496,228.91,24.6,-5.558,37.12,53,0.0818,0,OK,0,0.6674330435096355,1,-11.189186,-0.9870032730221886,11.113849036669208
STATION_4,2024-08-31 18:23:09,a030eb802c63,217.95,26.68,-5.817,52.23,28,0.0452,0,OK,0,0.6674028307910667,1,-11.631906,-1.0003599369688974,11.627681483809225
STATION_16,2024-10-26 12:01:07,f34dd84a5b79,232.57,29.15,-6.748,43.75,41,0.0769,0,OK,0,0.6673884440505481,1,-13.5274155,-0.9953658991153591,13.49960229833478
STATION_6,2024-04-25 00:20:33,dbcc120a3e44,242.92,25.73,-6.273,41.74,11,0.0192,0,OK,0,0.6673577930377106,1,-12.523331599999999,-1.003626591007333,12.554580573630446
STATION_9,2024-02-07 03:53:05,7296f0fb0d37,225.63,27.02,-6.079,40.17,54,0.0912,0,OK,0,0.6673390554517757,1,-12.175522599999999,-0.9971256405863828,12.158594693687089
STATION_15,2024-03-16 12:28:03,d6e43c187815,227.74,26.22,-5.945,41.05,55,0.0908,0,OK,0,0.6673014719858087,1,-11.9163428,-0.9955882962223679,11.887883738518934
STATION_6,2024-05-09 18:19:57,d9bbc4fb55cf,244.92,25.44,-6.34,42.86,21,0.037,0,OK,0,0.667282161176768,1,-12.5707648,-1.01753142446792,12.681769982288749
STATION_0,2024-06-06 02:22:26,e0d9a50ee318,227.78,23.8,-5.471,44.18,58,0.0881,0,OK,0,0.6672606763318489,1,-10.892164000000001,-1.009192673530505,10.938936472908578
STATION_9,2024-07-15 04:03:14,b0ee2d30ba50,222.86,28.08,-6.226,42.22,22,0.038,0,OK,0,0.667222480936371,1,-12.4839088,-0.9949008852764225,12.4431644639968
STATION_12,2024-03-31 21:00:44,4cf4c201aac4,228.02,26.77,-6.287,44.79,50,0.0873,0,OK,0,0.6671360721126455,1,-12.391095400000001,-1.02996407461717,12.572147469382205
STATION_13,2024-02-06 04:59:22,a0a3c057f60f,224.25,31.67,-7.177,41.88,58,0.1156,0,OK,0,0.6671348142752493,1,-14.2789975,-1.0105606189581706,14.351727085905011
STATION_9,2024-06-30 06:21:09,0064bcaad891,219.66,32.78,-7.222,42.97,38,0.0762,0,OK,0,0.6671009116678845,1,-14.4224548,-1.0029920605859424,14.44026353292846
STATION_18,2024-01-12 21:33:29,9d508675f885,226.35,27.17,-6.205,34.74,42,0.0724,0,OK,0,0.6670936576944293,1,-12.3549295,-1.0089544914369357,12.410182412936035
STATION_11,2024-12-21 04:26:36,2a90f69de629,233.21,30.22,-7.056,50.77,51,0.1,0,OK,0,0.6670691520351975,1,-14.103606200000002,-1.001190872272223,14.114325294685083
STATION_19,2024-10-03 14:20:13,aa2add57597a,234.93,33.54,-7.804,44.07,9,0.0195,0,OK,0,0.6670659488767068,1,-15.683552200000001,-0.9904114867832862,15.600881247501
STATION_4,2024-04-26 14:09:39,a0e0ee5d5da0,220.63,30.36,-6.741,50.32,60,0.1123,0,OK,0,0.6670444457814664,1,-13.4393268,-1.006370575056061,13.478595744255344
STATION_8,2024-07-19 11:31:48,a84a72a4244a,231.58,30.07,-7.056,35.53,25,0.049,0,OK,0,0.6669626442867321,1,-14.0196106,-1.0132673108879304,14.11098408229215
STATION_9,2024-11-12 12:12:28,febc9b1ebcb6,224.43,27.4,-6.208,38.49,49,0.0845,0,OK,0,0.6669129193404373,1,-12.357382,-1.0095321758296727,12.415707188859596
STATION_17,2024-06-21 17:30:44,f7c210581fcb,236.24,31.45,-7.378,49.83,23,0.0471,0,OK,0,0.6668815913470806,1,-14.807748,-0.9930348925650112,14.749020188144463
STATION_18,2024-02-03 20:13:01,aeaffb02b7c8,227.1,24.69,-5.611,40.46,23,0.0358,0,OK,0,0.666876278541448,1,-11.218098999999999,-1.0006955467175545,11.213601331965432
STATION_4,2024-08-11 03:24:52,f25b5e00278d,216.94,31.48,-6.79,51.62,4,0.0075,0,OK,0,0.6668438803451066,1,-13.6192712,-0.9942494311472897,13.533930462583676
STATION_12,2024-02-12 15:32:59,d9d2d3b93d95,221.84,33.11,-7.377,46.16,56,0.1148,0,OK,0,0.6667781744598915,1,-14.7221224,-1.0043398317855354,14.756525601925592
STATION_18,2024-06-23 00:48:51,f94355565f87,227.34,23.53,-5.29,40.43,12,0.0176,0,OK,0,0.6667548087584834,1,-10.6393102,-0.9889123668856656,10.568416475057482
STATION_13,2024-06-02 03:44:15,772c449f4c5c,229.25,31.56,-7.351,45.88,24,0.049,0,OK,0,0.6667381898557254,1,-14.58613,-1.0160147756827071,14.699897665350196
STATION_2,2024-08-03 20:26:09,786160cb2871,233.26,32.28,-7.433,50.08,18,0.0372,0,OK,0,0.6667146545749918,1,-14.9626328,-0.9871662018941745,14.871512297540491
STATION_11,2024-11-17 21:00:50,b31ed664e3ee,230.16,30.69,-7.082,46.57,51,0.1003,0,OK,0,0.6666768110849991,1,-14.1456104,-1.0026032859055636,14.161500270569137
STATION_1,2024-04-10 13:05:34,1accb0cbc1cf,227.77,33.16,-7.496,42.98,37,0.077,0,OK,0,0.6666767180479986,1,-15.0488532,-0.9924724880827173,14.98716302197624
STATION_12,2024-02-12 14:41:02,efa8cfc586dd,217.38,32.8,-7.068,44.29,47,0.0923,0,OK,0,0.6666476877987897,1,-14.198063999999999,-0.9912953107720618,14.13724575989924
STATION_6,2024-04-25 00:22:08,dbcc120a3e44,243.7,27.26,-6.703,40.99,50,0.0931,0,OK,0,0.6666371183612445,1,-13.346262,-1.008992117277308,13.405717404346888
STATION_7,2024-05-17 22:41:53,1cf3a18f9e7d,230.55,34.65,-8.022,48.79,56,0.1248,0,OK,0,0.6666127045138005,1,-16.0105575,-1.0041861745144633,16.04434142090866
STATION_4,2024-03-31 06:04:50,8977cc2fdd96,217.58,24.0,-5.166,54.44,9,0.0129,0,OK,0,0.6666121610466904,1,-10.387920000000001,-0.9892911057061186,10.323936825269893
STATION_17,2024-03-15 14:04:28,6d2a3ff26d96,234.58,30.73,-7.249,50.39,34,0.0685,0,OK,0,0.6665458810575849,1,-14.4576434,-1.0055982231555214,14.501173299297722
STATION_16,2024-04-19 07:39:08,84a982ad2866,234.49,32.7,-7.715,45.05,46,0.0986,0,OK,0,0.66654461341435,1,-15.382823000000002,-1.006152462550001,15.430917884687284
STATION_5,2024-01-10 09:25:30,4dce5a1e53c0,230.23,31.59,-7.247,43.48,1,0.002,0,OK,0,0.666543279565297,1,-14.5199657,-0.9964296962888611,14.421172977281785
STATION_7,2024-07-23 05:35:55,000560d7ab9d,232.57,32.64,-7.61,45.4,37,0.0782,0,OK,0,0.6665254663202488,1,-15.2010848,-1.0024916330151348,15.217908419721326
STATION_3,2024-04-12 20:05:14,c85199905087,222.45,28.68,-6.281,52.26,42,0.0733,0,OK,0,0.6665118954484325,1,-12.660865999999999,-0.9845032819649688,12.563318658400709
STATION_3,2024-04-25 03:53:25,125114a057a1,229.47,30.3,-6.904,49.19,51,0.0978,0,OK,0,0.6664822272694965,1,-13.856940999999999,-0.9929609653007316,13.80704213820201
STATION_15,2024-09-20 20:03:19,e70c59049237,220.12,24.63,-5.469,41.72,46,0.0699,0,OK,0,0.6664665201256631,1,-10.890555599999999,-1.0087508816194966,10.939006695128208
STATION_18,2024-06-23 02:50:11,adc16b4df1ac,224.91,27.25,-6.121,38.24,26,0.0442,0,OK,0,0.6664524265989822,1,-12.2497975,-0.9987275646278795,12.24015273269855
STATION_6,2024-10-31 13:34:17,a823f33a978a,247.83,25.46,-6.206,44.55,13,0.0224,0,OK,0,0.6664075916612612,1,-12.5157518,-0.9835567567718342,12.40735962348888
STATION_18,2024-03-10 08:14:03,822681466f42,223.94,26.96,-6.045,41.92,47,0.0789,0,OK,0,0.6664058380582608,1,-12.0824224,-1.0012549393173251,12.087941391723188
STATION_14,2024-07-09 05:50:09,cbbe32c15075,228.83,33.43,-7.714,48.41,42,0.09,0,OK,0,0.6663974480452102,1,-15.363786900000001,-1.0083939712890602,15.427624546467445
STATION_8,2024-01-02 09:51:33,5ecc44475502,232.64,28.01,-6.662,34.74,40,0.074,0,OK,0,0.6663670488759673,1,-13.178246399999999,-1.022367566952722,13.321400653941145
STATION_13,2024-05-23 13:22:32,370890f6a321,224.37,32.43,-7.297,45.9,58,0.1176,0,OK,0,0.6663472382749074,1,-14.573319099999999,-1.0028420822223036,14.595857312304751
STATION_5,2024-07-20 07:01:17,f3809ca736ab,226.14,34.01,-7.723,49.18,11,0.0236,0,OK,0,0.6663266261240866,1,-15.4140214,-1.0041577827155985,15.444109455087425
STATION_14,2024-09-16 14:04:54,c90473d78364,228.8,32.35,-7.384,48.73,48,0.0985,0,OK,0,0.6662696990275154,1,-14.785680000000001,-0.9976112183164878,14.770945979051572
